flt_pyt_debug_core_partner_id,partner_trade_name,address,contact_number,partner_segment_type,country,flt_pyt_partner_product_id,flt_pyt_session_considered_at_localtime,flt_pyt_transaction_created_at,flt_pyt_debug_gympass_individual_id,flt_pyt_transaction_type,product_cap_value,adjusted_product_cost_per_usage,product_cost_per_usage,activity_name,product_segment_type,last_price_update,session_group,total_payment,cap_hit_flag,cost_less_than_cap
101,FitClub Gym,"123 Main St, Downtown",(202) 123-4567,Full Service Gym,United States,1010,2025-01-29 13:56:40.000,2025-01-29 10:56:40.000,2423,VALIDATION,"76,06","89,9","89,9",Corrida Indoor,Full Service Gym,2025-01-10 00:00:00.000,Sessao realizada,"76,06",1,1
101,FitClub Gym,"123 Main St, Downtown",(202) 123-4567,Full Service Gym,United States,1007,2025-02-21 13:34:19.000,2025-02-21 11:34:19.000,2318,LATE_CANCEL,"47,78","24,35","48,7",Jiu-Jitsu,Boutique Fitness,2025-02-06 00:00:00.000,Sessao não realizada,"24,35",0,0
101,FitClub Gym,"123 Main St, Downtown",(202) 123-4567,Full Service Gym,United States,1010,2025-01-17 20:56:26.000,2025-01-17 17:56:26.000,2448,RETROACTIVE,"76,06","89,9","89,9",Corrida Indoor,Full Service Gym,2025-01-10 00:00:00.000,Sessao realizada,"76,06",1,1
101,FitClub Gym,"123 Main St, Downtown",(202) 123-4567,Full Service Gym,United States,1003,2025-01-18 16:44:14.000,2025-01-18 14:44:14.000,2443,RETROACTIVE,"67,8","58,77","58,77",Yoga,Boutique Fitness,2025-02-26 00:00:00.000,Sessao realizada,"58,77",0,0
101,FitClub Gym,"123 Main St, Downtown",(202) 123-4567,Full Service Gym,United States,1003,2025-01-16 12:27:42.000,2025-01-16 09:27:42.000,2210,VALIDATION,"67,8","58,77","58,77",Yoga,Boutique Fitness,2025-02-26 00:00:00.000,Sessao realizada,"58,77",0,0
101,FitClub Gym,"123 Main St, Downtown",(202) 123-4567,Full Service Gym,United States,1008,2025-01-12 06:18:06.000,2025-01-12 05:18:06.000,2446,VALIDATION,66,"82,89","82,89",Zumba,Boutique Fitness,2025-01-26 00:00:00.000,Sessao realizada,66,1,1
101,FitClub Gym,"123 Main St, Downtown",(202) 123-4567,Full Service Gym,United States,1004,2025-01-18 08:39:22.000,2025-01-18 05:39:22.000,2486,VALIDATION,"77,45","91,81","91,81",Pilates,Full Service Gym,2025-02-20 00:00:00.000,Sessao realizada,"77,45",1,1
101,FitClub Gym,"123 Main St, Downtown",(202) 123-4567,Full Service Gym,United States,1014,2025-01-07 19:15:34.000,2025-01-07 17:15:34.000,2096,NO_SHOW,"59,54","76,09","76,09",HIIT,Boutique Fitness,2025-01-20 00:00:00.000,Sessao não realizada,"59,54",1,1
101,FitClub Gym,"123 Main St, Downtown",(202) 123-4567,Full Service Gym,United States,1006,2025-02-05 18:02:02.000,2025-02-05 16:02:02.000,2190,NO_SHOW,"130,24","120,59","120,59",Boxe,Full Service Gym,2025-02-15 00:00:00.000,Sessao não realizada,"120,59",0,0
101,FitClub Gym,"123 Main St, Downtown",(202) 123-4567,Full Service Gym,United States,1014,2025-02-25 06:29:35.000,2025-02-25 05:29:35.000,2108,RETROACTIVE,"59,54","76,09","76,09",HIIT,Boutique Fitness,2025-01-20 00:00:00.000,Sessao realizada,"59,54",1,1
101,FitClub Gym,"123 Main St, Downtown",(202) 123-4567,Full Service Gym,United States,1012,2025-01-12 16:18:38.000,2025-01-12 14:18:38.000,2226,NO_SHOW,"100,5","102,91","102,91",Calistenia,Specialized Training,2025-02-27 00:00:00.000,Sessao não realizada,"100,5",1,1
101,FitClub Gym,"123 Main St, Downtown",(202) 123-4567,Full Service Gym,United States,1006,2025-01-28 19:37:19.000,2025-01-28 16:37:19.000,2132,NO_SHOW,"130,24","120,59","120,59",Boxe,Full Service Gym,2025-02-15 00:00:00.000,Sessao não realizada,"120,59",0,0
101,FitClub Gym,"123 Main St, Downtown",(202) 123-4567,Full Service Gym,United States,1005,2025-02-21 22:36:43.000,2025-02-21 21:36:43.000,2215,VALIDATION,"96,41","93,98","93,98",Spinning,Boutique Fitness,2025-01-12 00:00:00.000,Sessao realizada,"93,98",0,0
101,FitClub Gym,"123 Main St, Downtown",(202) 123-4567,Full Service Gym,United States,1004,2025-01-02 07:37:03.000,2025-01-02 06:37:03.000,2320,VALIDATION,"77,45","91,81","91,81",Pilates,Full Service Gym,2025-02-20 00:00:00.000,Sessao realizada,"77,45",1,1
101,FitClub Gym,"123 Main St, Downtown",(202) 123-4567,Full Service Gym,United States,1006,2025-01-18 10:36:51.000,2025-01-18 08:36:51.000,2424,LATE_CANCEL,"130,24","60,295","120,59",Boxe,Full Service Gym,2025-02-15 00:00:00.000,Sessao não realizada,"60,295",0,0
101,FitClub Gym,"123 Main St, Downtown",(202) 123-4567,Full Service Gym,United States,1011,2025-01-07 15:51:19.000,2025-01-07 12:51:19.000,2203,VALIDATION,"55,66","48,23","48,23",Treinamento Funcional,Full Service Gym,2025-02-22 00:00:00.000,Sessao realizada,"48,23",0,0
101,FitClub Gym,"123 Main St, Downtown",(202) 123-4567,Full Service Gym,United States,1013,2025-01-22 20:50:50.000,2025-01-22 17:50:50.000,2401,NO_SHOW,"83,62","72,4","72,4",Dança,Specialized Training,2025-01-14 00:00:00.000,Sessao não realizada,"72,4",0,0
101,FitClub Gym,"123 Main St, Downtown",(202) 123-4567,Full Service Gym,United States,1007,2025-02-28 11:44:28.000,2025-02-28 08:44:28.000,2174,LATE_CANCEL,"47,78","24,35","48,7",Jiu-Jitsu,Boutique Fitness,2025-02-06 00:00:00.000,Sessao não realizada,"24,35",0,0
101,FitClub Gym,"123 Main St, Downtown",(202) 123-4567,Full Service Gym,United States,1002,2025-02-16 14:50:27.000,2025-02-16 13:50:27.000,2331,RETROACTIVE,"82,06","92,39","92,39",CrossFit,Specialized Training,2025-01-04 00:00:00.000,Sessao realizada,"82,06",1,1
102,Iron Haven,"456 Oak Ave, Uptown",(303) 555-6789,Strength Training,United States,1013,2025-02-20 06:06:37.000,2025-02-20 05:06:37.000,2303,LATE_CANCEL,"138,34","59,45","118,9",Dança,Boutique Fitness,2025-01-11 00:00:00.000,Sessao não realizada,"59,45",0,0
102,Iron Haven,"456 Oak Ave, Uptown",(303) 555-6789,Strength Training,United States,1008,2025-01-22 21:38:59.000,2025-01-22 18:38:59.000,2371,VALIDATION,"93,5","78,75","78,75",Zumba,Specialized Training,2025-02-05 00:00:00.000,Sessao realizada,"78,75",0,0
102,Iron Haven,"456 Oak Ave, Uptown",(303) 555-6789,Strength Training,United States,1012,2025-01-17 19:11:05.000,2025-01-17 16:11:05.000,2120,VALIDATION,"33,15","29,61","29,61",Calistenia,Specialized Training,2025-02-12 00:00:00.000,Sessao realizada,"29,61",0,0
102,Iron Haven,"456 Oak Ave, Uptown",(303) 555-6789,Strength Training,United States,1009,2025-01-05 19:00:30.000,2025-01-05 17:00:30.000,2084,VALIDATION,"110,47","108,93","108,93",Natação,Boutique Fitness,2025-01-19 00:00:00.000,Sessao realizada,"108,93",0,0
102,Iron Haven,"456 Oak Ave, Uptown",(303) 555-6789,Strength Training,United States,1013,2025-02-06 12:24:18.000,2025-02-06 09:24:18.000,2455,VALIDATION,"138,34","118,9","118,9",Dança,Boutique Fitness,2025-01-11 00:00:00.000,Sessao realizada,"118,9",0,0
102,Iron Haven,"456 Oak Ave, Uptown",(303) 555-6789,Strength Training,United States,1001,2025-01-05 11:52:45.000,2025-01-05 08:52:45.000,2369,RETROACTIVE,"63,24","76,19","76,19",Musculação,Full Service Gym,2025-02-03 00:00:00.000,Sessao realizada,"63,24",1,1
102,Iron Haven,"456 Oak Ave, Uptown",(303) 555-6789,Strength Training,United States,1007,2025-01-20 15:42:08.000,2025-01-20 14:42:08.000,2394,RETROACTIVE,"125,33","97,68","97,68",Jiu-Jitsu,Boutique Fitness,2025-02-05 00:00:00.000,Sessao realizada,"97,68",0,0
102,Iron Haven,"456 Oak Ave, Uptown",(303) 555-6789,Strength Training,United States,1008,2025-02-08 10:41:47.000,2025-02-08 08:41:47.000,2221,RETROACTIVE,"93,5","78,75","78,75",Zumba,Specialized Training,2025-02-05 00:00:00.000,Sessao realizada,"78,75",0,0
102,Iron Haven,"456 Oak Ave, Uptown",(303) 555-6789,Strength Training,United States,1005,2025-02-22 20:11:19.000,2025-02-22 19:11:19.000,2027,LATE_CANCEL,"73,63","37,11","74,22",Spinning,Boutique Fitness,2025-01-01 00:00:00.000,Sessao não realizada,"37,11",0,0
102,Iron Haven,"456 Oak Ave, Uptown",(303) 555-6789,Strength Training,United States,1005,2025-01-21 14:55:12.000,2025-01-21 13:55:12.000,2067,NO_SHOW,"73,63","74,22","74,22",Spinning,Boutique Fitness,2025-01-01 00:00:00.000,Sessao não realizada,"73,63",1,1
102,Iron Haven,"456 Oak Ave, Uptown",(303) 555-6789,Strength Training,United States,1012,2025-01-21 18:28:00.000,2025-01-21 16:28:00.000,2383,VALIDATION,"33,15","29,61","29,61",Calistenia,Specialized Training,2025-02-12 00:00:00.000,Sessao realizada,"29,61",0,0
102,Iron Haven,"456 Oak Ave, Uptown",(303) 555-6789,Strength Training,United States,1006,2025-01-15 09:50:41.000,2025-01-15 07:50:41.000,2026,RETROACTIVE,"123,89","115,78","115,78",Boxe,Full Service Gym,2025-01-07 00:00:00.000,Sessao realizada,"115,78",0,0
102,Iron Haven,"456 Oak Ave, Uptown",(303) 555-6789,Strength Training,United States,1015,2025-02-24 07:30:21.000,2025-02-24 05:30:21.000,2418,VALIDATION,"45,72","42,12","42,12",Alongamento,Full Service Gym,2025-01-23 00:00:00.000,Sessao realizada,"42,12",0,0
103,Zen Yoga Studio,"789 Maple St, Midtown",(415) 222-7890,Yoga & Wellness,Canada,1010,2025-02-17 07:00:33.000,2025-02-17 04:00:33.000,2238,VALIDATION,"31,76","41,24","41,24",Corrida Indoor,Full Service Gym,2025-02-23 00:00:00.000,Sessao realizada,"31,76",1,1
103,Zen Yoga Studio,"789 Maple St, Midtown",(415) 222-7890,Yoga & Wellness,Canada,1004,2025-01-06 21:32:38.000,2025-01-06 20:32:38.000,2425,VALIDATION,"65,93","65,2","65,2",Pilates,Full Service Gym,2025-02-13 00:00:00.000,Sessao realizada,"65,2",0,0
103,Zen Yoga Studio,"789 Maple St, Midtown",(415) 222-7890,Yoga & Wellness,Canada,1011,2025-01-03 17:59:47.000,2025-01-03 16:59:47.000,2091,NO_SHOW,"120,92","126,94","126,94",Treinamento Funcional,Boutique Fitness,2025-02-11 00:00:00.000,Sessao não realizada,"120,92",1,1
103,Zen Yoga Studio,"789 Maple St, Midtown",(415) 222-7890,Yoga & Wellness,Canada,1010,2025-02-05 20:33:54.000,2025-02-05 19:33:54.000,2152,NO_SHOW,"31,76","41,24","41,24",Corrida Indoor,Full Service Gym,2025-02-23 00:00:00.000,Sessao não realizada,"31,76",1,1
103,Zen Yoga Studio,"789 Maple St, Midtown",(415) 222-7890,Yoga & Wellness,Canada,1009,2025-02-05 12:02:37.000,2025-02-05 11:02:37.000,2101,RETROACTIVE,"83,9","78,33","78,33",Natação,Specialized Training,2025-01-02 00:00:00.000,Sessao realizada,"78,33",0,0
103,Zen Yoga Studio,"789 Maple St, Midtown",(415) 222-7890,Yoga & Wellness,Canada,1008,2025-02-14 10:54:29.000,2025-02-14 07:54:29.000,2376,VALIDATION,"44,6","38,42","38,42",Zumba,Full Service Gym,2025-02-13 00:00:00.000,Sessao realizada,"38,42",0,0
103,Zen Yoga Studio,"789 Maple St, Midtown",(415) 222-7890,Yoga & Wellness,Canada,1009,2025-01-06 07:44:22.000,2025-01-06 04:44:22.000,2199,VALIDATION,"83,9","78,33","78,33",Natação,Specialized Training,2025-01-02 00:00:00.000,Sessao realizada,"78,33",0,0
103,Zen Yoga Studio,"789 Maple St, Midtown",(415) 222-7890,Yoga & Wellness,Canada,1015,2025-02-27 10:43:47.000,2025-02-27 08:43:47.000,2369,LATE_CANCEL,"81,88","54,335","108,67",Alongamento,Boutique Fitness,2025-01-25 00:00:00.000,Sessao não realizada,"54,335",0,0
103,Zen Yoga Studio,"789 Maple St, Midtown",(415) 222-7890,Yoga & Wellness,Canada,1007,2025-01-04 07:16:35.000,2025-01-04 04:16:35.000,2068,LATE_CANCEL,"104,89","55,685","111,37",Jiu-Jitsu,Specialized Training,2025-02-20 00:00:00.000,Sessao não realizada,"55,685",0,0
103,Zen Yoga Studio,"789 Maple St, Midtown",(415) 222-7890,Yoga & Wellness,Canada,1008,2025-01-23 19:15:27.000,2025-01-23 16:15:27.000,2278,RETROACTIVE,"44,6","38,42","38,42",Zumba,Full Service Gym,2025-02-13 00:00:00.000,Sessao realizada,"38,42",0,0
103,Zen Yoga Studio,"789 Maple St, Midtown",(415) 222-7890,Yoga & Wellness,Canada,1014,2025-02-13 21:52:26.000,2025-02-13 18:52:26.000,2361,VALIDATION,"45,81","40,7","40,7",HIIT,Specialized Training,2025-01-16 00:00:00.000,Sessao realizada,"40,7",0,0
103,Zen Yoga Studio,"789 Maple St, Midtown",(415) 222-7890,Yoga & Wellness,Canada,1006,2025-01-20 19:52:41.000,2025-01-20 16:52:41.000,2338,NO_SHOW,"94,75","112,04","112,04",Boxe,Specialized Training,2025-01-13 00:00:00.000,Sessao não realizada,"94,75",1,1
103,Zen Yoga Studio,"789 Maple St, Midtown",(415) 222-7890,Yoga & Wellness,Canada,1012,2025-02-07 19:27:04.000,2025-02-07 16:27:04.000,2233,NO_SHOW,"131,96","92,82","92,82",Calistenia,Boutique Fitness,2025-01-02 00:00:00.000,Sessao não realizada,"92,82",0,0
103,Zen Yoga Studio,"789 Maple St, Midtown",(415) 222-7890,Yoga & Wellness,Canada,1012,2025-02-16 19:56:33.000,2025-02-16 18:56:33.000,2422,RETROACTIVE,"131,96","92,82","92,82",Calistenia,Boutique Fitness,2025-01-02 00:00:00.000,Sessao realizada,"92,82",0,0
103,Zen Yoga Studio,"789 Maple St, Midtown",(415) 222-7890,Yoga & Wellness,Canada,1003,2025-02-08 11:49:34.000,2025-02-08 08:49:34.000,2147,VALIDATION,"85,99","74,46","74,46",Yoga,Boutique Fitness,2025-01-21 00:00:00.000,Sessao realizada,"74,46",0,0
103,Zen Yoga Studio,"789 Maple St, Midtown",(415) 222-7890,Yoga & Wellness,Canada,1013,2025-02-11 06:23:12.000,2025-02-11 04:23:12.000,2065,RETROACTIVE,"72,7","60,79","60,79",Dança,Full Service Gym,2025-02-06 00:00:00.000,Sessao realizada,"60,79",0,0
103,Zen Yoga Studio,"789 Maple St, Midtown",(415) 222-7890,Yoga & Wellness,Canada,1008,2025-02-27 21:35:50.000,2025-02-27 20:35:50.000,2058,RETROACTIVE,"44,6","38,42","38,42",Zumba,Full Service Gym,2025-02-13 00:00:00.000,Sessao realizada,"38,42",0,0
103,Zen Yoga Studio,"789 Maple St, Midtown",(415) 222-7890,Yoga & Wellness,Canada,1003,2025-02-19 17:54:47.000,2025-02-19 14:54:47.000,2472,LATE_CANCEL,"85,99","37,23","74,46",Yoga,Boutique Fitness,2025-01-21 00:00:00.000,Sessao não realizada,"37,23",0,0
103,Zen Yoga Studio,"789 Maple St, Midtown",(415) 222-7890,Yoga & Wellness,Canada,1015,2025-02-27 11:55:26.000,2025-02-27 08:55:26.000,2494,RETROACTIVE,"81,88","108,67","108,67",Alongamento,Boutique Fitness,2025-01-25 00:00:00.000,Sessao realizada,"81,88",1,1
104,Elite Fitness Center,"1010 Birch Rd, Suburbia",(212) 888-1234,Full Service Gym,United States,1015,2025-02-28 16:27:41.000,2025-02-28 15:27:41.000,2446,RETROACTIVE,"125,69","171,68","171,68",Alongamento,Boutique Fitness,2025-01-22 00:00:00.000,Sessao realizada,"125,69",1,1
104,Elite Fitness Center,"1010 Birch Rd, Suburbia",(212) 888-1234,Full Service Gym,United States,1007,2025-01-06 19:52:47.000,2025-01-06 18:52:47.000,2430,RETROACTIVE,"34,34","48,12","48,12",Jiu-Jitsu,Full Service Gym,2025-02-13 00:00:00.000,Sessao realizada,"34,34",1,1
104,Elite Fitness Center,"1010 Birch Rd, Suburbia",(212) 888-1234,Full Service Gym,United States,1001,2025-02-11 07:26:34.000,2025-02-11 06:26:34.000,2073,VALIDATION,"126,35","114,35","114,35",Musculação,Specialized Training,2025-02-28 00:00:00.000,Sessao realizada,"114,35",0,0
104,Elite Fitness Center,"1010 Birch Rd, Suburbia",(212) 888-1234,Full Service Gym,United States,1005,2025-02-16 16:08:28.000,2025-02-16 13:08:28.000,2023,RETROACTIVE,"172,94","152,44","152,44",Spinning,Boutique Fitness,2025-01-11 00:00:00.000,Sessao realizada,"152,44",0,0
104,Elite Fitness Center,"1010 Birch Rd, Suburbia",(212) 888-1234,Full Service Gym,United States,1013,2025-01-13 07:47:37.000,2025-01-13 06:47:37.000,2172,RETROACTIVE,"53,87","43,42","43,42",Dança,Full Service Gym,2025-02-07 00:00:00.000,Sessao realizada,"43,42",0,0
104,Elite Fitness Center,"1010 Birch Rd, Suburbia",(212) 888-1234,Full Service Gym,United States,1009,2025-01-12 22:23:09.000,2025-01-12 20:23:09.000,2435,RETROACTIVE,"146,81","124,99","124,99",Natação,Boutique Fitness,2025-01-10 00:00:00.000,Sessao realizada,"124,99",0,0
104,Elite Fitness Center,"1010 Birch Rd, Suburbia",(212) 888-1234,Full Service Gym,United States,1002,2025-02-20 08:37:30.000,2025-02-20 07:37:30.000,2128,RETROACTIVE,"44,61","54,92","54,92",CrossFit,Full Service Gym,2025-02-16 00:00:00.000,Sessao realizada,"44,61",1,1
104,Elite Fitness Center,"1010 Birch Rd, Suburbia",(212) 888-1234,Full Service Gym,United States,1012,2025-02-13 06:28:41.000,2025-02-13 04:28:41.000,2015,RETROACTIVE,"57,71","57,71","57,71",Calistenia,Specialized Training,2025-02-10 00:00:00.000,Sessao realizada,"57,71",1,0
104,Elite Fitness Center,"1010 Birch Rd, Suburbia",(212) 888-1234,Full Service Gym,United States,1004,2025-01-15 08:27:56.000,2025-01-15 07:27:56.000,2106,LATE_CANCEL,"105,64","47,635","95,27",Pilates,Specialized Training,2025-02-19 00:00:00.000,Sessao não realizada,"47,635",0,0
104,Elite Fitness Center,"1010 Birch Rd, Suburbia",(212) 888-1234,Full Service Gym,United States,1007,2025-02-26 22:25:11.000,2025-02-26 19:25:11.000,2057,VALIDATION,"34,34","48,12","48,12",Jiu-Jitsu,Full Service Gym,2025-02-13 00:00:00.000,Sessao realizada,"34,34",1,1
104,Elite Fitness Center,"1010 Birch Rd, Suburbia",(212) 888-1234,Full Service Gym,United States,1005,2025-01-23 22:39:13.000,2025-01-23 20:39:13.000,2387,RETROACTIVE,"172,94","152,44","152,44",Spinning,Boutique Fitness,2025-01-11 00:00:00.000,Sessao realizada,"152,44",0,0
104,Elite Fitness Center,"1010 Birch Rd, Suburbia",(212) 888-1234,Full Service Gym,United States,1006,2025-02-28 10:15:39.000,2025-02-28 08:15:39.000,2260,LATE_CANCEL,"86,83","46,15","92,3",Boxe,Boutique Fitness,2025-02-27 00:00:00.000,Sessao não realizada,"46,15",0,0
104,Elite Fitness Center,"1010 Birch Rd, Suburbia",(212) 888-1234,Full Service Gym,United States,1004,2025-02-15 12:16:07.000,2025-02-15 09:16:07.000,2264,RETROACTIVE,"105,64","95,27","95,27",Pilates,Specialized Training,2025-02-19 00:00:00.000,Sessao realizada,"95,27",0,0
105,Pulse Fitness,"2020 Pine St, Downtown",(647) 555-2020,Boutique Gym,Canada,1013,2025-01-18 17:48:29.000,2025-01-18 15:48:29.000,2122,LATE_CANCEL,"90,77","36,26","72,52",Dança,Full Service Gym,2025-01-19 00:00:00.000,Sessao não realizada,"36,26",0,0
105,Pulse Fitness,"2020 Pine St, Downtown",(647) 555-2020,Boutique Gym,Canada,1009,2025-01-31 19:12:50.000,2025-01-31 18:12:50.000,2418,LATE_CANCEL,"47,99","25,475","50,95",Natação,Specialized Training,2025-01-06 00:00:00.000,Sessao não realizada,"25,475",0,0
105,Pulse Fitness,"2020 Pine St, Downtown",(647) 555-2020,Boutique Gym,Canada,1011,2025-02-23 15:40:53.000,2025-02-23 13:40:53.000,2340,RETROACTIVE,"69,36","84,04","84,04",Treinamento Funcional,Boutique Fitness,2025-01-09 00:00:00.000,Sessao realizada,"69,36",1,1
105,Pulse Fitness,"2020 Pine St, Downtown",(647) 555-2020,Boutique Gym,Canada,1011,2025-02-17 07:53:46.000,2025-02-17 04:53:46.000,2188,VALIDATION,"69,36","84,04","84,04",Treinamento Funcional,Boutique Fitness,2025-01-09 00:00:00.000,Sessao realizada,"69,36",1,1
105,Pulse Fitness,"2020 Pine St, Downtown",(647) 555-2020,Boutique Gym,Canada,1006,2025-02-22 19:05:33.000,2025-02-22 17:05:33.000,2028,VALIDATION,"91,92","105,56","105,56",Boxe,Specialized Training,2025-01-20 00:00:00.000,Sessao realizada,"91,92",1,1
105,Pulse Fitness,"2020 Pine St, Downtown",(647) 555-2020,Boutique Gym,Canada,1014,2025-02-14 06:47:59.000,2025-02-14 05:47:59.000,2487,VALIDATION,"40,1","35,83","35,83",HIIT,Specialized Training,2025-01-22 00:00:00.000,Sessao realizada,"35,83",0,0
105,Pulse Fitness,"2020 Pine St, Downtown",(647) 555-2020,Boutique Gym,Canada,1015,2025-01-15 14:27:48.000,2025-01-15 13:27:48.000,2132,NO_SHOW,"61,74","75,57","75,57",Alongamento,Boutique Fitness,2025-01-03 00:00:00.000,Sessao não realizada,"61,74",1,1
105,Pulse Fitness,"2020 Pine St, Downtown",(647) 555-2020,Boutique Gym,Canada,1010,2025-02-28 19:43:14.000,2025-02-28 17:43:14.000,2470,VALIDATION,"100,16","101,51","101,51",Corrida Indoor,Full Service Gym,2025-02-18 00:00:00.000,Sessao realizada,"100,16",1,1
105,Pulse Fitness,"2020 Pine St, Downtown",(647) 555-2020,Boutique Gym,Canada,1012,2025-01-23 12:06:20.000,2025-01-23 09:06:20.000,2457,VALIDATION,"110,55","149,4","149,4",Calistenia,Boutique Fitness,2025-01-21 00:00:00.000,Sessao realizada,"110,55",1,1
105,Pulse Fitness,"2020 Pine St, Downtown",(647) 555-2020,Boutique Gym,Canada,1004,2025-01-12 07:22:41.000,2025-01-12 06:22:41.000,2083,NO_SHOW,"125,5","114,24","114,24",Pilates,Boutique Fitness,2025-02-20 00:00:00.000,Sessao não realizada,"114,24",0,0
105,Pulse Fitness,"2020 Pine St, Downtown",(647) 555-2020,Boutique Gym,Canada,1012,2025-01-20 10:52:08.000,2025-01-20 09:52:08.000,2125,VALIDATION,"110,55","149,4","149,4",Calistenia,Boutique Fitness,2025-01-21 00:00:00.000,Sessao realizada,"110,55",1,1
105,Pulse Fitness,"2020 Pine St, Downtown",(647) 555-2020,Boutique Gym,Canada,1009,2025-01-05 14:20:26.000,2025-01-05 12:20:26.000,2387,RETROACTIVE,"47,99","50,95","50,95",Natação,Specialized Training,2025-01-06 00:00:00.000,Sessao realizada,"47,99",1,1
105,Pulse Fitness,"2020 Pine St, Downtown",(647) 555-2020,Boutique Gym,Canada,1014,2025-02-12 13:39:03.000,2025-02-12 12:39:03.000,2375,RETROACTIVE,"40,1","35,83","35,83",HIIT,Specialized Training,2025-01-22 00:00:00.000,Sessao realizada,"35,83",0,0
106,BodyWorks,"3030 Cedar Ln, Beachside",(305) 777-3030,Strength Training,United States,1005,2025-02-13 22:01:45.000,2025-02-13 21:01:45.000,2001,VALIDATION,"115,77","104,4","104,4",Spinning,Full Service Gym,2025-01-08 00:00:00.000,Sessao realizada,"104,4",0,0
106,BodyWorks,"3030 Cedar Ln, Beachside",(305) 777-3030,Strength Training,United States,1012,2025-01-11 13:10:47.000,2025-01-11 12:10:47.000,2181,RETROACTIVE,"69,34","60,82","60,82",Calistenia,Boutique Fitness,2025-01-02 00:00:00.000,Sessao realizada,"60,82",0,0
106,BodyWorks,"3030 Cedar Ln, Beachside",(305) 777-3030,Strength Training,United States,1013,2025-02-08 07:40:01.000,2025-02-08 04:40:01.000,2187,LATE_CANCEL,"126,84","56,475","112,95",Dança,Specialized Training,2025-01-20 00:00:00.000,Sessao não realizada,"56,475",0,0
106,BodyWorks,"3030 Cedar Ln, Beachside",(305) 777-3030,Strength Training,United States,1003,2025-01-02 10:24:58.000,2025-01-02 07:24:58.000,2494,LATE_CANCEL,"57,62","25,63","51,26",Yoga,Full Service Gym,2025-02-15 00:00:00.000,Sessao não realizada,"25,63",0,0
106,BodyWorks,"3030 Cedar Ln, Beachside",(305) 777-3030,Strength Training,United States,1014,2025-01-30 20:43:29.000,2025-01-30 19:43:29.000,2043,NO_SHOW,96,"131,74","131,74",HIIT,Specialized Training,2025-01-27 00:00:00.000,Sessao não realizada,96,1,1
106,BodyWorks,"3030 Cedar Ln, Beachside",(305) 777-3030,Strength Training,United States,1002,2025-02-01 10:50:23.000,2025-02-01 08:50:23.000,2302,VALIDATION,"121,38","114,17","114,17",CrossFit,Specialized Training,2025-01-07 00:00:00.000,Sessao realizada,"114,17",0,0
106,BodyWorks,"3030 Cedar Ln, Beachside",(305) 777-3030,Strength Training,United States,1009,2025-02-26 16:23:21.000,2025-02-26 13:23:21.000,2054,NO_SHOW,"132,72","94,15","94,15",Natação,Specialized Training,2025-01-10 00:00:00.000,Sessao não realizada,"94,15",0,0
106,BodyWorks,"3030 Cedar Ln, Beachside",(305) 777-3030,Strength Training,United States,1001,2025-01-30 15:07:25.000,2025-01-30 14:07:25.000,2050,VALIDATION,"154,77","110,75","110,75",Musculação,Boutique Fitness,2025-02-25 00:00:00.000,Sessao realizada,"110,75",0,0
106,BodyWorks,"3030 Cedar Ln, Beachside",(305) 777-3030,Strength Training,United States,1003,2025-01-10 06:10:51.000,2025-01-10 03:10:51.000,2143,LATE_CANCEL,"57,62","25,63","51,26",Yoga,Full Service Gym,2025-02-15 00:00:00.000,Sessao não realizada,"25,63",0,0
106,BodyWorks,"3030 Cedar Ln, Beachside",(305) 777-3030,Strength Training,United States,1014,2025-02-06 16:34:43.000,2025-02-06 14:34:43.000,2396,LATE_CANCEL,96,"65,87","131,74",HIIT,Specialized Training,2025-01-27 00:00:00.000,Sessao não realizada,"65,87",0,0
106,BodyWorks,"3030 Cedar Ln, Beachside",(305) 777-3030,Strength Training,United States,1012,2025-02-20 18:35:13.000,2025-02-20 15:35:13.000,2375,VALIDATION,"69,34","60,82","60,82",Calistenia,Boutique Fitness,2025-01-02 00:00:00.000,Sessao realizada,"60,82",0,0
106,BodyWorks,"3030 Cedar Ln, Beachside",(305) 777-3030,Strength Training,United States,1002,2025-01-05 06:14:11.000,2025-01-05 04:14:11.000,2285,RETROACTIVE,"121,38","114,17","114,17",CrossFit,Specialized Training,2025-01-07 00:00:00.000,Sessao realizada,"114,17",0,0
106,BodyWorks,"3030 Cedar Ln, Beachside",(305) 777-3030,Strength Training,United States,1011,2025-01-11 14:31:33.000,2025-01-11 13:31:33.000,2321,RETROACTIVE,"51,27","58,1","58,1",Treinamento Funcional,Full Service Gym,2025-01-05 00:00:00.000,Sessao realizada,"51,27",1,1
106,BodyWorks,"3030 Cedar Ln, Beachside",(305) 777-3030,Strength Training,United States,1006,2025-01-06 19:10:21.000,2025-01-06 17:10:21.000,2127,VALIDATION,"38,08","42,18","42,18",Boxe,Boutique Fitness,2025-02-05 00:00:00.000,Sessao realizada,"38,08",1,1
106,BodyWorks,"3030 Cedar Ln, Beachside",(305) 777-3030,Strength Training,United States,1009,2025-01-19 18:48:40.000,2025-01-19 15:48:40.000,2041,LATE_CANCEL,"132,72","47,075","94,15",Natação,Specialized Training,2025-01-10 00:00:00.000,Sessao não realizada,"47,075",0,0
107,Flex Zone,"4040 Palm Dr, Sunnyvale",(818) 666-4040,CrossFit,United States,1002,2025-02-17 21:40:54.000,2025-02-17 19:40:54.000,2211,LATE_CANCEL,"98,84","50,47","100,94",CrossFit,Boutique Fitness,2025-02-04 00:00:00.000,Sessao não realizada,"50,47",0,0
107,Flex Zone,"4040 Palm Dr, Sunnyvale",(818) 666-4040,CrossFit,United States,1005,2025-01-15 13:45:10.000,2025-01-15 12:45:10.000,2104,LATE_CANCEL,"33,34","18,09","36,18",Spinning,Specialized Training,2025-01-16 00:00:00.000,Sessao não realizada,"18,09",0,0
107,Flex Zone,"4040 Palm Dr, Sunnyvale",(818) 666-4040,CrossFit,United States,1010,2025-01-12 22:23:18.000,2025-01-12 19:23:18.000,2051,VALIDATION,"60,9","58,13","58,13",Corrida Indoor,Specialized Training,2025-02-03 00:00:00.000,Sessao realizada,"58,13",0,0
107,Flex Zone,"4040 Palm Dr, Sunnyvale",(818) 666-4040,CrossFit,United States,1001,2025-01-11 21:32:35.000,2025-01-11 20:32:35.000,2483,LATE_CANCEL,"108,07","66,515","133,03",Musculação,Full Service Gym,2025-02-12 00:00:00.000,Sessao não realizada,"66,515",0,0
107,Flex Zone,"4040 Palm Dr, Sunnyvale",(818) 666-4040,CrossFit,United States,1012,2025-02-17 08:01:28.000,2025-02-17 06:01:28.000,2115,RETROACTIVE,"103,99","125,4","125,4",Calistenia,Boutique Fitness,2025-02-10 00:00:00.000,Sessao realizada,"103,99",1,1
107,Flex Zone,"4040 Palm Dr, Sunnyvale",(818) 666-4040,CrossFit,United States,1014,2025-02-09 22:43:34.000,2025-02-09 21:43:34.000,2126,RETROACTIVE,"39,66","40,65","40,65",HIIT,Boutique Fitness,2025-01-29 00:00:00.000,Sessao realizada,"39,66",1,1
107,Flex Zone,"4040 Palm Dr, Sunnyvale",(818) 666-4040,CrossFit,United States,1007,2025-01-15 06:56:13.000,2025-01-15 04:56:13.000,2467,RETROACTIVE,"58,86","43,02","43,02",Jiu-Jitsu,Full Service Gym,2025-01-24 00:00:00.000,Sessao realizada,"43,02",0,0
107,Flex Zone,"4040 Palm Dr, Sunnyvale",(818) 666-4040,CrossFit,United States,1002,2025-02-19 14:46:45.000,2025-02-19 13:46:45.000,2287,VALIDATION,"98,84","100,94","100,94",CrossFit,Boutique Fitness,2025-02-04 00:00:00.000,Sessao realizada,"98,84",1,1
107,Flex Zone,"4040 Palm Dr, Sunnyvale",(818) 666-4040,CrossFit,United States,1013,2025-02-11 21:23:04.000,2025-02-11 19:23:04.000,2134,VALIDATION,"38,91","45,4","45,4",Dança,Specialized Training,2025-01-23 00:00:00.000,Sessao realizada,"38,91",1,1
107,Flex Zone,"4040 Palm Dr, Sunnyvale",(818) 666-4040,CrossFit,United States,1006,2025-02-08 15:50:52.000,2025-02-08 14:50:52.000,2051,LATE_CANCEL,"88,48","42,17","84,34",Boxe,Specialized Training,2025-02-10 00:00:00.000,Sessao não realizada,"42,17",0,0
107,Flex Zone,"4040 Palm Dr, Sunnyvale",(818) 666-4040,CrossFit,United States,1006,2025-02-21 12:51:28.000,2025-02-21 10:51:28.000,2485,RETROACTIVE,"88,48","84,34","84,34",Boxe,Specialized Training,2025-02-10 00:00:00.000,Sessao realizada,"84,34",0,0
108,The Wellness Hub,"5050 Elm St, Central",(514) 333-5050,Yoga & Wellness,Canada,1005,2025-02-25 14:31:04.000,2025-02-25 13:31:04.000,2330,LATE_CANCEL,"92,54","64,315","128,63",Spinning,Specialized Training,2025-01-15 00:00:00.000,Sessao não realizada,"64,315",0,0
108,The Wellness Hub,"5050 Elm St, Central",(514) 333-5050,Yoga & Wellness,Canada,1010,2025-01-09 16:19:01.000,2025-01-09 14:19:01.000,2142,VALIDATION,"127,99","121,91","121,91",Corrida Indoor,Full Service Gym,2025-01-01 00:00:00.000,Sessao realizada,"121,91",0,0
108,The Wellness Hub,"5050 Elm St, Central",(514) 333-5050,Yoga & Wellness,Canada,1006,2025-02-12 20:25:17.000,2025-02-12 19:25:17.000,2202,VALIDATION,"45,04","36,73","36,73",Boxe,Full Service Gym,2025-02-15 00:00:00.000,Sessao realizada,"36,73",0,0
108,The Wellness Hub,"5050 Elm St, Central",(514) 333-5050,Yoga & Wellness,Canada,1013,2025-01-24 07:13:56.000,2025-01-24 04:13:56.000,2082,NO_SHOW,"92,42","68,94","68,94",Dança,Specialized Training,2025-02-22 00:00:00.000,Sessao não realizada,"68,94",0,0
108,The Wellness Hub,"5050 Elm St, Central",(514) 333-5050,Yoga & Wellness,Canada,1011,2025-02-14 11:39:47.000,2025-02-14 08:39:47.000,2252,VALIDATION,"142,46","148,57","148,57",Treinamento Funcional,Specialized Training,2025-02-16 00:00:00.000,Sessao realizada,"142,46",1,1
108,The Wellness Hub,"5050 Elm St, Central",(514) 333-5050,Yoga & Wellness,Canada,1002,2025-02-15 09:48:13.000,2025-02-15 07:48:13.000,2139,LATE_CANCEL,"110,23","69,06","138,12",CrossFit,Full Service Gym,2025-02-23 00:00:00.000,Sessao não realizada,"69,06",0,0
108,The Wellness Hub,"5050 Elm St, Central",(514) 333-5050,Yoga & Wellness,Canada,1012,2025-02-02 07:21:43.000,2025-02-02 05:21:43.000,2072,RETROACTIVE,"57,16","66,4","66,4",Calistenia,Specialized Training,2025-02-17 00:00:00.000,Sessao realizada,"57,16",1,1
108,The Wellness Hub,"5050 Elm St, Central",(514) 333-5050,Yoga & Wellness,Canada,1007,2025-01-26 07:57:38.000,2025-01-26 05:57:38.000,2218,VALIDATION,"60,54","46,64","46,64",Jiu-Jitsu,Specialized Training,2025-01-31 00:00:00.000,Sessao realizada,"46,64",0,0
108,The Wellness Hub,"5050 Elm St, Central",(514) 333-5050,Yoga & Wellness,Canada,1014,2025-02-20 12:47:20.000,2025-02-20 09:47:20.000,2172,VALIDATION,82,"76,68","76,68",HIIT,Specialized Training,2025-01-10 00:00:00.000,Sessao realizada,"76,68",0,0
108,The Wellness Hub,"5050 Elm St, Central",(514) 333-5050,Yoga & Wellness,Canada,1008,2025-02-11 13:21:21.000,2025-02-11 11:21:21.000,2154,RETROACTIVE,"38,46","42,99","42,99",Zumba,Full Service Gym,2025-02-04 00:00:00.000,Sessao realizada,"38,46",1,1
108,The Wellness Hub,"5050 Elm St, Central",(514) 333-5050,Yoga & Wellness,Canada,1011,2025-01-16 12:51:13.000,2025-01-16 09:51:13.000,2271,VALIDATION,"142,46","148,57","148,57",Treinamento Funcional,Specialized Training,2025-02-16 00:00:00.000,Sessao realizada,"142,46",1,1
108,The Wellness Hub,"5050 Elm St, Central",(514) 333-5050,Yoga & Wellness,Canada,1012,2025-02-26 20:12:05.000,2025-02-26 19:12:05.000,2264,VALIDATION,"57,16","66,4","66,4",Calistenia,Specialized Training,2025-02-17 00:00:00.000,Sessao realizada,"57,16",1,1
108,The Wellness Hub,"5050 Elm St, Central",(514) 333-5050,Yoga & Wellness,Canada,1009,2025-01-21 08:30:55.000,2025-01-21 07:30:55.000,2002,RETROACTIVE,"139,11","118,87","118,87",Natação,Boutique Fitness,2025-01-11 00:00:00.000,Sessao realizada,"118,87",0,0
108,The Wellness Hub,"5050 Elm St, Central",(514) 333-5050,Yoga & Wellness,Canada,1003,2025-01-15 17:52:13.000,2025-01-15 15:52:13.000,2084,LATE_CANCEL,"72,94","29,405","58,81",Yoga,Specialized Training,2025-02-01 00:00:00.000,Sessao não realizada,"29,405",0,0
108,The Wellness Hub,"5050 Elm St, Central",(514) 333-5050,Yoga & Wellness,Canada,1007,2025-02-08 16:05:02.000,2025-02-08 15:05:02.000,2012,VALIDATION,"60,54","46,64","46,64",Jiu-Jitsu,Specialized Training,2025-01-31 00:00:00.000,Sessao realizada,"46,64",0,0
109,Momentum Gym,"6060 Redwood Blvd, Hillside",(917) 444-6060,Full Service Gym,United States,1004,2025-01-26 14:57:37.000,2025-01-26 13:57:37.000,2085,NO_SHOW,"106,31","97,47","97,47",Pilates,Full Service Gym,2025-01-13 00:00:00.000,Sessao não realizada,"97,47",0,0
109,Momentum Gym,"6060 Redwood Blvd, Hillside",(917) 444-6060,Full Service Gym,United States,1006,2025-01-07 17:36:04.000,2025-01-07 15:36:04.000,2495,VALIDATION,"98,94","99,61","99,61",Boxe,Specialized Training,2025-01-10 00:00:00.000,Sessao realizada,"98,94",1,1
109,Momentum Gym,"6060 Redwood Blvd, Hillside",(917) 444-6060,Full Service Gym,United States,1009,2025-01-12 14:31:43.000,2025-01-12 12:31:43.000,2330,VALIDATION,"102,37","93,12","93,12",Natação,Boutique Fitness,2025-01-06 00:00:00.000,Sessao realizada,"93,12",0,0
109,Momentum Gym,"6060 Redwood Blvd, Hillside",(917) 444-6060,Full Service Gym,United States,1003,2025-01-04 12:25:01.000,2025-01-04 10:25:01.000,2292,NO_SHOW,"58,31","47,4","47,4",Yoga,Boutique Fitness,2025-02-19 00:00:00.000,Sessao não realizada,"47,4",0,0
109,Momentum Gym,"6060 Redwood Blvd, Hillside",(917) 444-6060,Full Service Gym,United States,1007,2025-02-26 07:25:57.000,2025-02-26 04:25:57.000,2302,VALIDATION,"94,48","103,52","103,52",Jiu-Jitsu,Specialized Training,2025-02-13 00:00:00.000,Sessao realizada,"94,48",1,1
109,Momentum Gym,"6060 Redwood Blvd, Hillside",(917) 444-6060,Full Service Gym,United States,1014,2025-01-28 09:19:39.000,2025-01-28 08:19:39.000,2408,NO_SHOW,96,"89,55","89,55",HIIT,Full Service Gym,2025-01-30 00:00:00.000,Sessao não realizada,"89,55",0,0
109,Momentum Gym,"6060 Redwood Blvd, Hillside",(917) 444-6060,Full Service Gym,United States,1010,2025-01-10 14:29:23.000,2025-01-10 12:29:23.000,2170,RETROACTIVE,"38,06","28,08","28,08",Corrida Indoor,Boutique Fitness,2025-02-08 00:00:00.000,Sessao realizada,"28,08",0,0
109,Momentum Gym,"6060 Redwood Blvd, Hillside",(917) 444-6060,Full Service Gym,United States,1015,2025-01-08 20:04:01.000,2025-01-08 19:04:01.000,2154,LATE_CANCEL,"149,54","66,48","132,96",Alongamento,Specialized Training,2025-02-14 00:00:00.000,Sessao não realizada,"66,48",0,0
109,Momentum Gym,"6060 Redwood Blvd, Hillside",(917) 444-6060,Full Service Gym,United States,1009,2025-02-02 07:31:42.000,2025-02-02 04:31:42.000,2454,RETROACTIVE,"102,37","93,12","93,12",Natação,Boutique Fitness,2025-01-06 00:00:00.000,Sessao realizada,"93,12",0,0
109,Momentum Gym,"6060 Redwood Blvd, Hillside",(917) 444-6060,Full Service Gym,United States,1002,2025-01-26 09:47:25.000,2025-01-26 07:47:25.000,2399,RETROACTIVE,"55,52","65,25","65,25",CrossFit,Full Service Gym,2025-01-02 00:00:00.000,Sessao realizada,"55,52",1,1
109,Momentum Gym,"6060 Redwood Blvd, Hillside",(917) 444-6060,Full Service Gym,United States,1003,2025-01-15 16:39:16.000,2025-01-15 15:39:16.000,2295,VALIDATION,"58,31","47,4","47,4",Yoga,Boutique Fitness,2025-02-19 00:00:00.000,Sessao realizada,"47,4",0,0
109,Momentum Gym,"6060 Redwood Blvd, Hillside",(917) 444-6060,Full Service Gym,United States,1009,2025-02-11 12:47:26.000,2025-02-11 09:47:26.000,2215,VALIDATION,"102,37","93,12","93,12",Natação,Boutique Fitness,2025-01-06 00:00:00.000,Sessao realizada,"93,12",0,0
109,Momentum Gym,"6060 Redwood Blvd, Hillside",(917) 444-6060,Full Service Gym,United States,1004,2025-01-11 20:31:21.000,2025-01-11 19:31:21.000,2498,LATE_CANCEL,"106,31","48,735","97,47",Pilates,Full Service Gym,2025-01-13 00:00:00.000,Sessao não realizada,"48,735",0,0
109,Momentum Gym,"6060 Redwood Blvd, Hillside",(917) 444-6060,Full Service Gym,United States,1006,2025-01-21 17:40:33.000,2025-01-21 16:40:33.000,2380,RETROACTIVE,"98,94","99,61","99,61",Boxe,Specialized Training,2025-01-10 00:00:00.000,Sessao realizada,"98,94",1,1
109,Momentum Gym,"6060 Redwood Blvd, Hillside",(917) 444-6060,Full Service Gym,United States,1003,2025-01-15 08:57:53.000,2025-01-15 05:57:53.000,2211,NO_SHOW,"58,31","47,4","47,4",Yoga,Boutique Fitness,2025-02-19 00:00:00.000,Sessao não realizada,"47,4",0,0
109,Momentum Gym,"6060 Redwood Blvd, Hillside",(917) 444-6060,Full Service Gym,United States,1005,2025-02-16 10:32:42.000,2025-02-16 08:32:42.000,2347,NO_SHOW,"123,43","126,34","126,34",Spinning,Boutique Fitness,2025-02-07 00:00:00.000,Sessao não realizada,"123,43",1,1
109,Momentum Gym,"6060 Redwood Blvd, Hillside",(917) 444-6060,Full Service Gym,United States,1005,2025-02-24 14:05:20.000,2025-02-24 13:05:20.000,2167,VALIDATION,"123,43","126,34","126,34",Spinning,Boutique Fitness,2025-02-07 00:00:00.000,Sessao realizada,"123,43",1,1
110,ProActive Sports Club,"7070 Spruce Ave, Riverside",(720) 999-7070,Strength Training,United States,1011,2025-01-31 17:14:31.000,2025-01-31 16:14:31.000,2426,NO_SHOW,"43,36","34,83","34,83",Treinamento Funcional,Specialized Training,2025-01-24 00:00:00.000,Sessao não realizada,"34,83",0,0
110,ProActive Sports Club,"7070 Spruce Ave, Riverside",(720) 999-7070,Strength Training,United States,1004,2025-01-07 15:32:06.000,2025-01-07 14:32:06.000,2499,RETROACTIVE,"153,56","106,29","106,29",Pilates,Full Service Gym,2025-02-06 00:00:00.000,Sessao realizada,"106,29",0,0
110,ProActive Sports Club,"7070 Spruce Ave, Riverside",(720) 999-7070,Strength Training,United States,1006,2025-01-30 15:56:44.000,2025-01-30 13:56:44.000,2187,NO_SHOW,"42,73","41,71","41,71",Boxe,Specialized Training,2025-02-21 00:00:00.000,Sessao não realizada,"41,71",0,0
110,ProActive Sports Club,"7070 Spruce Ave, Riverside",(720) 999-7070,Strength Training,United States,1009,2025-01-22 09:52:25.000,2025-01-22 07:52:25.000,2282,VALIDATION,"141,04","130,24","130,24",Natação,Specialized Training,2025-02-03 00:00:00.000,Sessao realizada,"130,24",0,0
110,ProActive Sports Club,"7070 Spruce Ave, Riverside",(720) 999-7070,Strength Training,United States,1014,2025-01-07 19:34:52.000,2025-01-07 18:34:52.000,2217,NO_SHOW,"39,16","38,79","38,79",HIIT,Boutique Fitness,2025-01-27 00:00:00.000,Sessao não realizada,"38,79",0,0
110,ProActive Sports Club,"7070 Spruce Ave, Riverside",(720) 999-7070,Strength Training,United States,1007,2025-01-14 18:28:11.000,2025-01-14 15:28:11.000,2015,RETROACTIVE,"67,77","71,4","71,4",Jiu-Jitsu,Full Service Gym,2025-02-28 00:00:00.000,Sessao realizada,"67,77",1,1
110,ProActive Sports Club,"7070 Spruce Ave, Riverside",(720) 999-7070,Strength Training,United States,1008,2025-02-03 16:28:50.000,2025-02-03 14:28:50.000,2032,RETROACTIVE,"42,79","35,52","35,52",Zumba,Boutique Fitness,2025-01-30 00:00:00.000,Sessao realizada,"35,52",0,0
110,ProActive Sports Club,"7070 Spruce Ave, Riverside",(720) 999-7070,Strength Training,United States,1012,2025-02-06 16:39:38.000,2025-02-06 14:39:38.000,2377,NO_SHOW,"72,9","92,82","92,82",Calistenia,Boutique Fitness,2025-02-23 00:00:00.000,Sessao não realizada,"72,9",1,1
110,ProActive Sports Club,"7070 Spruce Ave, Riverside",(720) 999-7070,Strength Training,United States,1003,2025-02-05 17:09:00.000,2025-02-05 16:09:00.000,2209,LATE_CANCEL,"63,79","38,485","76,97",Yoga,Boutique Fitness,2025-02-10 00:00:00.000,Sessao não realizada,"38,485",0,0
110,ProActive Sports Club,"7070 Spruce Ave, Riverside",(720) 999-7070,Strength Training,United States,1007,2025-02-21 10:12:48.000,2025-02-21 07:12:48.000,2433,RETROACTIVE,"67,77","71,4","71,4",Jiu-Jitsu,Full Service Gym,2025-02-28 00:00:00.000,Sessao realizada,"67,77",1,1
110,ProActive Sports Club,"7070 Spruce Ave, Riverside",(720) 999-7070,Strength Training,United States,1011,2025-02-25 10:38:58.000,2025-02-25 07:38:58.000,2177,RETROACTIVE,"43,36","34,83","34,83",Treinamento Funcional,Specialized Training,2025-01-24 00:00:00.000,Sessao realizada,"34,83",0,0
110,ProActive Sports Club,"7070 Spruce Ave, Riverside",(720) 999-7070,Strength Training,United States,1013,2025-02-23 22:19:51.000,2025-02-23 19:19:51.000,2030,VALIDATION,"108,86","102,19","102,19",Dança,Full Service Gym,2025-02-08 00:00:00.000,Sessao realizada,"102,19",0,0
110,ProActive Sports Club,"7070 Spruce Ave, Riverside",(720) 999-7070,Strength Training,United States,1007,2025-01-18 20:02:58.000,2025-01-18 18:02:58.000,2442,LATE_CANCEL,"67,77","35,7","71,4",Jiu-Jitsu,Full Service Gym,2025-02-28 00:00:00.000,Sessao não realizada,"35,7",0,0
110,ProActive Sports Club,"7070 Spruce Ave, Riverside",(720) 999-7070,Strength Training,United States,1012,2025-02-04 10:54:35.000,2025-02-04 07:54:35.000,2407,NO_SHOW,"72,9","92,82","92,82",Calistenia,Boutique Fitness,2025-02-23 00:00:00.000,Sessao não realizada,"72,9",1,1
110,ProActive Sports Club,"7070 Spruce Ave, Riverside",(720) 999-7070,Strength Training,United States,1006,2025-02-06 12:18:06.000,2025-02-06 10:18:06.000,2354,LATE_CANCEL,"42,73","20,855","41,71",Boxe,Specialized Training,2025-02-21 00:00:00.000,Sessao não realizada,"20,855",0,0
110,ProActive Sports Club,"7070 Spruce Ave, Riverside",(720) 999-7070,Strength Training,United States,1012,2025-01-28 20:50:56.000,2025-01-28 18:50:56.000,2159,VALIDATION,"72,9","92,82","92,82",Calistenia,Boutique Fitness,2025-02-23 00:00:00.000,Sessao realizada,"72,9",1,1
110,ProActive Sports Club,"7070 Spruce Ave, Riverside",(720) 999-7070,Strength Training,United States,1008,2025-02-01 10:54:23.000,2025-02-01 08:54:23.000,2094,VALIDATION,"42,79","35,52","35,52",Zumba,Boutique Fitness,2025-01-30 00:00:00.000,Sessao realizada,"35,52",0,0
110,ProActive Sports Club,"7070 Spruce Ave, Riverside",(720) 999-7070,Strength Training,United States,1002,2025-01-20 16:18:01.000,2025-01-20 14:18:01.000,2136,RETROACTIVE,"36,31","35,62","35,62",CrossFit,Specialized Training,2025-02-20 00:00:00.000,Sessao realizada,"35,62",0,0
110,ProActive Sports Club,"7070 Spruce Ave, Riverside",(720) 999-7070,Strength Training,United States,1001,2025-02-06 19:36:46.000,2025-02-06 17:36:46.000,2386,RETROACTIVE,"58,66","62,9","62,9",Musculação,Full Service Gym,2025-01-14 00:00:00.000,Sessao realizada,"58,66",1,1
111,Vita Gym,"8080 Chestnut Rd, West End",(450) 111-8080,Boutique Gym,Canada,1002,2025-01-21 11:37:01.000,2025-01-21 10:37:01.000,2447,LATE_CANCEL,"85,57","40,91","81,82",CrossFit,Full Service Gym,2025-02-25 00:00:00.000,Sessao não realizada,"40,91",0,0
111,Vita Gym,"8080 Chestnut Rd, West End",(450) 111-8080,Boutique Gym,Canada,1015,2025-02-19 17:48:12.000,2025-02-19 14:48:12.000,2046,RETROACTIVE,"70,81","74,02","74,02",Alongamento,Specialized Training,2025-02-17 00:00:00.000,Sessao realizada,"70,81",1,1
111,Vita Gym,"8080 Chestnut Rd, West End",(450) 111-8080,Boutique Gym,Canada,1009,2025-02-13 12:19:05.000,2025-02-13 09:19:05.000,2399,VALIDATION,35,"33,77","33,77",Natação,Full Service Gym,2025-02-13 00:00:00.000,Sessao realizada,"33,77",0,0
111,Vita Gym,"8080 Chestnut Rd, West End",(450) 111-8080,Boutique Gym,Canada,1001,2025-01-11 16:37:41.000,2025-01-11 13:37:41.000,2226,NO_SHOW,"48,24","46,25","46,25",Musculação,Specialized Training,2025-02-07 00:00:00.000,Sessao não realizada,"46,25",0,0
111,Vita Gym,"8080 Chestnut Rd, West End",(450) 111-8080,Boutique Gym,Canada,1014,2025-02-13 13:13:48.000,2025-02-13 12:13:48.000,2399,VALIDATION,"99,32","103,84","103,84",HIIT,Full Service Gym,2025-01-22 00:00:00.000,Sessao realizada,"99,32",1,1
111,Vita Gym,"8080 Chestnut Rd, West End",(450) 111-8080,Boutique Gym,Canada,1015,2025-01-31 11:44:02.000,2025-01-31 10:44:02.000,2353,NO_SHOW,"70,81","74,02","74,02",Alongamento,Specialized Training,2025-02-17 00:00:00.000,Sessao não realizada,"70,81",1,1
111,Vita Gym,"8080 Chestnut Rd, West End",(450) 111-8080,Boutique Gym,Canada,1014,2025-01-18 08:35:23.000,2025-01-18 07:35:23.000,2339,RETROACTIVE,"99,32","103,84","103,84",HIIT,Full Service Gym,2025-01-22 00:00:00.000,Sessao realizada,"99,32",1,1
111,Vita Gym,"8080 Chestnut Rd, West End",(450) 111-8080,Boutique Gym,Canada,1001,2025-02-28 15:15:05.000,2025-02-28 13:15:05.000,2049,LATE_CANCEL,"48,24","23,125","46,25",Musculação,Specialized Training,2025-02-07 00:00:00.000,Sessao não realizada,"23,125",0,0
111,Vita Gym,"8080 Chestnut Rd, West End",(450) 111-8080,Boutique Gym,Canada,1001,2025-01-22 10:07:54.000,2025-01-22 08:07:54.000,2345,NO_SHOW,"48,24","46,25","46,25",Musculação,Specialized Training,2025-02-07 00:00:00.000,Sessao não realizada,"46,25",0,0
111,Vita Gym,"8080 Chestnut Rd, West End",(450) 111-8080,Boutique Gym,Canada,1015,2025-01-25 21:59:18.000,2025-01-25 19:59:18.000,2319,LATE_CANCEL,"70,81","37,01","74,02",Alongamento,Specialized Training,2025-02-17 00:00:00.000,Sessao não realizada,"37,01",0,0
111,Vita Gym,"8080 Chestnut Rd, West End",(450) 111-8080,Boutique Gym,Canada,1013,2025-02-15 21:43:05.000,2025-02-15 18:43:05.000,2239,NO_SHOW,"58,72","61,23","61,23",Dança,Full Service Gym,2025-01-05 00:00:00.000,Sessao não realizada,"58,72",1,1
111,Vita Gym,"8080 Chestnut Rd, West End",(450) 111-8080,Boutique Gym,Canada,1001,2025-01-06 07:21:44.000,2025-01-06 05:21:44.000,2317,NO_SHOW,"48,24","46,25","46,25",Musculação,Specialized Training,2025-02-07 00:00:00.000,Sessao não realizada,"46,25",0,0
111,Vita Gym,"8080 Chestnut Rd, West End",(450) 111-8080,Boutique Gym,Canada,1009,2025-01-06 13:34:33.000,2025-01-06 11:34:33.000,2198,VALIDATION,35,"33,77","33,77",Natação,Full Service Gym,2025-02-13 00:00:00.000,Sessao realizada,"33,77",0,0
112,Core Strength,"9090 Aspen Way, Downtown",(213) 222-9090,Strength Training,United States,1001,2025-01-20 18:24:03.000,2025-01-20 15:24:03.000,2202,VALIDATION,"63,55","77,67","77,67",Musculação,Specialized Training,2025-02-09 00:00:00.000,Sessao realizada,"63,55",1,1
112,Core Strength,"9090 Aspen Way, Downtown",(213) 222-9090,Strength Training,United States,1006,2025-02-28 12:10:58.000,2025-02-28 09:10:58.000,2178,LATE_CANCEL,"164,81","68,09","136,18",Boxe,Boutique Fitness,2025-01-18 00:00:00.000,Sessao não realizada,"68,09",0,0
112,Core Strength,"9090 Aspen Way, Downtown",(213) 222-9090,Strength Training,United States,1010,2025-01-21 22:34:56.000,2025-01-21 19:34:56.000,2184,RETROACTIVE,"131,2","122,91","122,91",Corrida Indoor,Boutique Fitness,2025-01-23 00:00:00.000,Sessao realizada,"122,91",0,0
112,Core Strength,"9090 Aspen Way, Downtown",(213) 222-9090,Strength Training,United States,1003,2025-01-14 22:14:18.000,2025-01-14 20:14:18.000,2094,RETROACTIVE,"87,01","86,96","86,96",Yoga,Specialized Training,2025-01-10 00:00:00.000,Sessao realizada,"86,96",0,0
112,Core Strength,"9090 Aspen Way, Downtown",(213) 222-9090,Strength Training,United States,1011,2025-02-02 18:04:15.000,2025-02-02 16:04:15.000,2457,LATE_CANCEL,"104,43","52,87","105,74",Treinamento Funcional,Full Service Gym,2025-02-21 00:00:00.000,Sessao não realizada,"52,87",0,0
112,Core Strength,"9090 Aspen Way, Downtown",(213) 222-9090,Strength Training,United States,1008,2025-02-23 14:36:17.000,2025-02-23 12:36:17.000,2172,LATE_CANCEL,"40,8","20,305","40,61",Zumba,Full Service Gym,2025-01-08 00:00:00.000,Sessao não realizada,"20,305",0,0
112,Core Strength,"9090 Aspen Way, Downtown",(213) 222-9090,Strength Training,United States,1010,2025-02-22 14:21:38.000,2025-02-22 11:21:38.000,2350,RETROACTIVE,"131,2","122,91","122,91",Corrida Indoor,Boutique Fitness,2025-01-23 00:00:00.000,Sessao realizada,"122,91",0,0
112,Core Strength,"9090 Aspen Way, Downtown",(213) 222-9090,Strength Training,United States,1008,2025-02-03 19:15:03.000,2025-02-03 17:15:03.000,2450,NO_SHOW,"40,8","40,61","40,61",Zumba,Full Service Gym,2025-01-08 00:00:00.000,Sessao não realizada,"40,61",0,0
112,Core Strength,"9090 Aspen Way, Downtown",(213) 222-9090,Strength Training,United States,1013,2025-01-19 12:43:01.000,2025-01-19 11:43:01.000,2165,LATE_CANCEL,"38,11","15,24","30,48",Dança,Full Service Gym,2025-01-05 00:00:00.000,Sessao não realizada,"15,24",0,0
112,Core Strength,"9090 Aspen Way, Downtown",(213) 222-9090,Strength Training,United States,1015,2025-01-13 22:31:04.000,2025-01-13 21:31:04.000,2135,NO_SHOW,45,"35,46","35,46",Alongamento,Boutique Fitness,2025-01-10 00:00:00.000,Sessao não realizada,"35,46",0,0
112,Core Strength,"9090 Aspen Way, Downtown",(213) 222-9090,Strength Training,United States,1003,2025-02-03 15:12:24.000,2025-02-03 14:12:24.000,2421,VALIDATION,"87,01","86,96","86,96",Yoga,Specialized Training,2025-01-10 00:00:00.000,Sessao realizada,"86,96",0,0
112,Core Strength,"9090 Aspen Way, Downtown",(213) 222-9090,Strength Training,United States,1003,2025-01-25 07:15:39.000,2025-01-25 06:15:39.000,2015,VALIDATION,"87,01","86,96","86,96",Yoga,Specialized Training,2025-01-10 00:00:00.000,Sessao realizada,"86,96",0,0
112,Core Strength,"9090 Aspen Way, Downtown",(213) 222-9090,Strength Training,United States,1005,2025-02-09 14:49:53.000,2025-02-09 12:49:53.000,2264,RETROACTIVE,"147,84","121,32","121,32",Spinning,Boutique Fitness,2025-02-16 00:00:00.000,Sessao realizada,"121,32",0,0
112,Core Strength,"9090 Aspen Way, Downtown",(213) 222-9090,Strength Training,United States,1014,2025-01-19 13:29:06.000,2025-01-19 10:29:06.000,2019,RETROACTIVE,"47,03","35,41","35,41",HIIT,Specialized Training,2025-01-31 00:00:00.000,Sessao realizada,"35,41",0,0
113,Gym Elite,"1111 Sequoia Rd, Metro City",(646) 777-1111,Full Service Gym,United States,1004,2025-02-09 15:39:43.000,2025-02-09 14:39:43.000,2155,VALIDATION,"143,49","164,79","164,79",Pilates,Specialized Training,2025-02-12 00:00:00.000,Sessao realizada,"143,49",1,1
113,Gym Elite,"1111 Sequoia Rd, Metro City",(646) 777-1111,Full Service Gym,United States,1014,2025-01-19 18:14:14.000,2025-01-19 17:14:14.000,2255,VALIDATION,"57,06","48,76","48,76",HIIT,Full Service Gym,2025-01-22 00:00:00.000,Sessao realizada,"48,76",0,0
113,Gym Elite,"1111 Sequoia Rd, Metro City",(646) 777-1111,Full Service Gym,United States,1015,2025-01-12 15:47:40.000,2025-01-12 12:47:40.000,2390,LATE_CANCEL,"88,77","53,76","107,52",Alongamento,Boutique Fitness,2025-01-21 00:00:00.000,Sessao não realizada,"53,76",0,0
113,Gym Elite,"1111 Sequoia Rd, Metro City",(646) 777-1111,Full Service Gym,United States,1010,2025-02-23 11:24:50.000,2025-02-23 08:24:50.000,2407,LATE_CANCEL,"76,82","48,855","97,71",Corrida Indoor,Full Service Gym,2025-01-16 00:00:00.000,Sessao não realizada,"48,855",0,0
113,Gym Elite,"1111 Sequoia Rd, Metro City",(646) 777-1111,Full Service Gym,United States,1009,2025-01-17 17:12:15.000,2025-01-17 14:12:15.000,2285,NO_SHOW,"50,51","56,37","56,37",Natação,Specialized Training,2025-01-11 00:00:00.000,Sessao não realizada,"50,51",1,1
113,Gym Elite,"1111 Sequoia Rd, Metro City",(646) 777-1111,Full Service Gym,United States,1007,2025-02-20 20:54:54.000,2025-02-20 19:54:54.000,2392,VALIDATION,"83,25","89,04","89,04",Jiu-Jitsu,Boutique Fitness,2025-01-17 00:00:00.000,Sessao realizada,"83,25",1,1
113,Gym Elite,"1111 Sequoia Rd, Metro City",(646) 777-1111,Full Service Gym,United States,1001,2025-01-17 13:09:17.000,2025-01-17 10:09:17.000,2023,VALIDATION,"134,49","132,87","132,87",Musculação,Full Service Gym,2025-02-12 00:00:00.000,Sessao realizada,"132,87",0,0
113,Gym Elite,"1111 Sequoia Rd, Metro City",(646) 777-1111,Full Service Gym,United States,1015,2025-01-19 14:00:39.000,2025-01-19 12:00:39.000,2268,NO_SHOW,"88,77","107,52","107,52",Alongamento,Boutique Fitness,2025-01-21 00:00:00.000,Sessao não realizada,"88,77",1,1
113,Gym Elite,"1111 Sequoia Rd, Metro City",(646) 777-1111,Full Service Gym,United States,1008,2025-01-15 18:05:46.000,2025-01-15 17:05:46.000,2455,VALIDATION,"85,92","80,29","80,29",Zumba,Full Service Gym,2025-01-14 00:00:00.000,Sessao realizada,"80,29",0,0
113,Gym Elite,"1111 Sequoia Rd, Metro City",(646) 777-1111,Full Service Gym,United States,1004,2025-01-12 15:48:33.000,2025-01-12 12:48:33.000,2338,LATE_CANCEL,"143,49","82,395","164,79",Pilates,Specialized Training,2025-02-12 00:00:00.000,Sessao não realizada,"82,395",0,0
113,Gym Elite,"1111 Sequoia Rd, Metro City",(646) 777-1111,Full Service Gym,United States,1013,2025-02-18 08:38:28.000,2025-02-18 07:38:28.000,2449,RETROACTIVE,"48,24","34,05","34,05",Dança,Full Service Gym,2025-02-03 00:00:00.000,Sessao realizada,"34,05",0,0
114,Peak Performance,"1212 Willow St, Suburbia",(514) 888-1212,CrossFit,Canada,1006,2025-02-27 20:27:02.000,2025-02-27 18:27:02.000,2283,RETROACTIVE,"164,45","125,03","125,03",Boxe,Boutique Fitness,2025-01-09 00:00:00.000,Sessao realizada,"125,03",0,0
114,Peak Performance,"1212 Willow St, Suburbia",(514) 888-1212,CrossFit,Canada,1001,2025-02-27 10:45:16.000,2025-02-27 08:45:16.000,2116,VALIDATION,"84,52","76,56","76,56",Musculação,Full Service Gym,2025-01-13 00:00:00.000,Sessao realizada,"76,56",0,0
114,Peak Performance,"1212 Willow St, Suburbia",(514) 888-1212,CrossFit,Canada,1001,2025-02-06 13:24:06.000,2025-02-06 12:24:06.000,2480,LATE_CANCEL,"84,52","38,28","76,56",Musculação,Full Service Gym,2025-01-13 00:00:00.000,Sessao não realizada,"38,28",0,0
114,Peak Performance,"1212 Willow St, Suburbia",(514) 888-1212,CrossFit,Canada,1005,2025-02-22 13:53:24.000,2025-02-22 12:53:24.000,2433,VALIDATION,"123,59","121,12","121,12",Spinning,Specialized Training,2025-01-07 00:00:00.000,Sessao realizada,"121,12",0,0
114,Peak Performance,"1212 Willow St, Suburbia",(514) 888-1212,CrossFit,Canada,1001,2025-02-26 21:51:42.000,2025-02-26 20:51:42.000,2142,NO_SHOW,"84,52","76,56","76,56",Musculação,Full Service Gym,2025-01-13 00:00:00.000,Sessao não realizada,"76,56",0,0
114,Peak Performance,"1212 Willow St, Suburbia",(514) 888-1212,CrossFit,Canada,1001,2025-02-02 07:46:55.000,2025-02-02 04:46:55.000,2285,LATE_CANCEL,"84,52","38,28","76,56",Musculação,Full Service Gym,2025-01-13 00:00:00.000,Sessao não realizada,"38,28",0,0
114,Peak Performance,"1212 Willow St, Suburbia",(514) 888-1212,CrossFit,Canada,1004,2025-01-11 14:43:50.000,2025-01-11 13:43:50.000,2289,NO_SHOW,"139,95","105,64","105,64",Pilates,Boutique Fitness,2025-01-22 00:00:00.000,Sessao não realizada,"105,64",0,0
114,Peak Performance,"1212 Willow St, Suburbia",(514) 888-1212,CrossFit,Canada,1003,2025-01-30 08:23:01.000,2025-01-30 07:23:01.000,2295,LATE_CANCEL,"121,61","59,33","118,66",Yoga,Specialized Training,2025-02-03 00:00:00.000,Sessao não realizada,"59,33",0,0
114,Peak Performance,"1212 Willow St, Suburbia",(514) 888-1212,CrossFit,Canada,1010,2025-02-20 14:20:07.000,2025-02-20 12:20:07.000,2232,RETROACTIVE,"28,5","26,59","26,59",Corrida Indoor,Boutique Fitness,2025-01-05 00:00:00.000,Sessao realizada,"26,59",0,0
114,Peak Performance,"1212 Willow St, Suburbia",(514) 888-1212,CrossFit,Canada,1007,2025-01-08 10:45:16.000,2025-01-08 08:45:16.000,2452,VALIDATION,"32,41","43,47","43,47",Jiu-Jitsu,Boutique Fitness,2025-02-26 00:00:00.000,Sessao realizada,"32,41",1,1
114,Peak Performance,"1212 Willow St, Suburbia",(514) 888-1212,CrossFit,Canada,1004,2025-01-26 07:21:41.000,2025-01-26 06:21:41.000,2193,RETROACTIVE,"139,95","105,64","105,64",Pilates,Boutique Fitness,2025-01-22 00:00:00.000,Sessao realizada,"105,64",0,0
114,Peak Performance,"1212 Willow St, Suburbia",(514) 888-1212,CrossFit,Canada,1011,2025-01-18 10:02:36.000,2025-01-18 09:02:36.000,2385,RETROACTIVE,"88,49","126,84","126,84",Treinamento Funcional,Boutique Fitness,2025-02-06 00:00:00.000,Sessao realizada,"88,49",1,1
114,Peak Performance,"1212 Willow St, Suburbia",(514) 888-1212,CrossFit,Canada,1009,2025-02-03 16:37:37.000,2025-02-03 14:37:37.000,2106,VALIDATION,"110,52","89,12","89,12",Natação,Boutique Fitness,2025-01-21 00:00:00.000,Sessao realizada,"89,12",0,0
114,Peak Performance,"1212 Willow St, Suburbia",(514) 888-1212,CrossFit,Canada,1002,2025-02-09 11:43:44.000,2025-02-09 10:43:44.000,2063,VALIDATION,"100,7","103,86","103,86",CrossFit,Full Service Gym,2025-01-08 00:00:00.000,Sessao realizada,"100,7",1,1
115,Titan Training,"1313 Oakwood Dr, Northside",(305) 555-1313,Strength Training,United States,1014,2025-01-14 15:47:35.000,2025-01-14 14:47:35.000,2183,RETROACTIVE,"128,31","121,14","121,14",HIIT,Specialized Training,2025-02-23 00:00:00.000,Sessao realizada,"121,14",0,0
115,Titan Training,"1313 Oakwood Dr, Northside",(305) 555-1313,Strength Training,United States,1013,2025-02-20 12:02:06.000,2025-02-20 10:02:06.000,2362,VALIDATION,"120,11","104,38","104,38",Dança,Full Service Gym,2025-01-01 00:00:00.000,Sessao realizada,"104,38",0,0
115,Titan Training,"1313 Oakwood Dr, Northside",(305) 555-1313,Strength Training,United States,1015,2025-02-06 16:19:01.000,2025-02-06 13:19:01.000,2069,VALIDATION,"34,16","33,5","33,5",Alongamento,Boutique Fitness,2025-02-16 00:00:00.000,Sessao realizada,"33,5",0,0
115,Titan Training,"1313 Oakwood Dr, Northside",(305) 555-1313,Strength Training,United States,1006,2025-01-24 16:23:49.000,2025-01-24 13:23:49.000,2143,RETROACTIVE,"62,99","55,95","55,95",Boxe,Boutique Fitness,2025-01-09 00:00:00.000,Sessao realizada,"55,95",0,0
115,Titan Training,"1313 Oakwood Dr, Northside",(305) 555-1313,Strength Training,United States,1011,2025-02-07 17:23:35.000,2025-02-07 14:23:35.000,2173,NO_SHOW,"100,1","99,05","99,05",Treinamento Funcional,Full Service Gym,2025-01-15 00:00:00.000,Sessao não realizada,"99,05",0,0
115,Titan Training,"1313 Oakwood Dr, Northside",(305) 555-1313,Strength Training,United States,1001,2025-01-22 08:18:21.000,2025-01-22 07:18:21.000,2426,LATE_CANCEL,"111,65","45,015","90,03",Musculação,Boutique Fitness,2025-02-09 00:00:00.000,Sessao não realizada,"45,015",0,0
115,Titan Training,"1313 Oakwood Dr, Northside",(305) 555-1313,Strength Training,United States,1010,2025-01-07 20:38:49.000,2025-01-07 17:38:49.000,2022,RETROACTIVE,"72,02","58,88","58,88",Corrida Indoor,Boutique Fitness,2025-01-07 00:00:00.000,Sessao realizada,"58,88",0,0
115,Titan Training,"1313 Oakwood Dr, Northside",(305) 555-1313,Strength Training,United States,1004,2025-01-04 08:41:26.000,2025-01-04 05:41:26.000,2046,RETROACTIVE,"134,59","101,71","101,71",Pilates,Full Service Gym,2025-02-08 00:00:00.000,Sessao realizada,"101,71",0,0
115,Titan Training,"1313 Oakwood Dr, Northside",(305) 555-1313,Strength Training,United States,1009,2025-01-14 12:11:40.000,2025-01-14 10:11:40.000,2393,LATE_CANCEL,"94,91","64,63","129,26",Natação,Full Service Gym,2025-02-03 00:00:00.000,Sessao não realizada,"64,63",0,0
115,Titan Training,"1313 Oakwood Dr, Northside",(305) 555-1313,Strength Training,United States,1001,2025-01-19 16:51:37.000,2025-01-19 13:51:37.000,2039,NO_SHOW,"111,65","90,03","90,03",Musculação,Boutique Fitness,2025-02-09 00:00:00.000,Sessao não realizada,"90,03",0,0
115,Titan Training,"1313 Oakwood Dr, Northside",(305) 555-1313,Strength Training,United States,1008,2025-01-13 10:05:47.000,2025-01-13 09:05:47.000,2044,NO_SHOW,"130,63","139,37","139,37",Zumba,Full Service Gym,2025-02-27 00:00:00.000,Sessao não realizada,"130,63",1,1
115,Titan Training,"1313 Oakwood Dr, Northside",(305) 555-1313,Strength Training,United States,1013,2025-01-10 16:04:43.000,2025-01-10 15:04:43.000,2208,VALIDATION,"120,11","104,38","104,38",Dança,Full Service Gym,2025-01-01 00:00:00.000,Sessao realizada,"104,38",0,0
115,Titan Training,"1313 Oakwood Dr, Northside",(305) 555-1313,Strength Training,United States,1012,2025-02-19 21:05:06.000,2025-02-19 20:05:06.000,2005,VALIDATION,"147,41","163,7","163,7",Calistenia,Full Service Gym,2025-01-17 00:00:00.000,Sessao realizada,"147,41",1,1
115,Titan Training,"1313 Oakwood Dr, Northside",(305) 555-1313,Strength Training,United States,1013,2025-02-05 11:44:34.000,2025-02-05 08:44:34.000,2235,RETROACTIVE,"120,11","104,38","104,38",Dança,Full Service Gym,2025-01-01 00:00:00.000,Sessao realizada,"104,38",0,0
116,UrbanFit,"1414 Cedar Park, City Center",(778) 333-1414,Boutique Gym,Canada,1008,2025-02-12 16:00:18.000,2025-02-12 13:00:18.000,2403,VALIDATION,"35,17","32,62","32,62",Zumba,Full Service Gym,2025-02-03 00:00:00.000,Sessao realizada,"32,62",0,0
116,UrbanFit,"1414 Cedar Park, City Center",(778) 333-1414,Boutique Gym,Canada,1001,2025-01-26 22:35:43.000,2025-01-26 20:35:43.000,2129,RETROACTIVE,"145,18","118,68","118,68",Musculação,Specialized Training,2025-02-28 00:00:00.000,Sessao realizada,"118,68",0,0
116,UrbanFit,"1414 Cedar Park, City Center",(778) 333-1414,Boutique Gym,Canada,1011,2025-02-22 20:49:40.000,2025-02-22 19:49:40.000,2047,LATE_CANCEL,"74,15","32,03","64,06",Treinamento Funcional,Boutique Fitness,2025-01-31 00:00:00.000,Sessao não realizada,"32,03",0,0
116,UrbanFit,"1414 Cedar Park, City Center",(778) 333-1414,Boutique Gym,Canada,1002,2025-01-10 09:06:11.000,2025-01-10 07:06:11.000,2059,RETROACTIVE,"135,6","117,6","117,6",CrossFit,Boutique Fitness,2025-02-02 00:00:00.000,Sessao realizada,"117,6",0,0
116,UrbanFit,"1414 Cedar Park, City Center",(778) 333-1414,Boutique Gym,Canada,1012,2025-02-18 10:56:47.000,2025-02-18 07:56:47.000,2097,RETROACTIVE,"61,41","72,23","72,23",Calistenia,Full Service Gym,2025-02-20 00:00:00.000,Sessao realizada,"61,41",1,1
116,UrbanFit,"1414 Cedar Park, City Center",(778) 333-1414,Boutique Gym,Canada,1003,2025-02-14 12:10:25.000,2025-02-14 10:10:25.000,2398,RETROACTIVE,"83,61","116,52","116,52",Yoga,Boutique Fitness,2025-01-06 00:00:00.000,Sessao realizada,"83,61",1,1
116,UrbanFit,"1414 Cedar Park, City Center",(778) 333-1414,Boutique Gym,Canada,1006,2025-01-31 07:45:44.000,2025-01-31 06:45:44.000,2263,RETROACTIVE,"47,23","63,96","63,96",Boxe,Boutique Fitness,2025-01-26 00:00:00.000,Sessao realizada,"47,23",1,1
116,UrbanFit,"1414 Cedar Park, City Center",(778) 333-1414,Boutique Gym,Canada,1015,2025-02-28 20:42:58.000,2025-02-28 17:42:58.000,2154,NO_SHOW,"132,28","107,25","107,25",Alongamento,Full Service Gym,2025-02-28 00:00:00.000,Sessao não realizada,"107,25",0,0
116,UrbanFit,"1414 Cedar Park, City Center",(778) 333-1414,Boutique Gym,Canada,1002,2025-02-17 17:50:24.000,2025-02-17 16:50:24.000,2217,VALIDATION,"135,6","117,6","117,6",CrossFit,Boutique Fitness,2025-02-02 00:00:00.000,Sessao realizada,"117,6",0,0
116,UrbanFit,"1414 Cedar Park, City Center",(778) 333-1414,Boutique Gym,Canada,1001,2025-02-06 15:44:52.000,2025-02-06 12:44:52.000,2403,RETROACTIVE,"145,18","118,68","118,68",Musculação,Specialized Training,2025-02-28 00:00:00.000,Sessao realizada,"118,68",0,0
116,UrbanFit,"1414 Cedar Park, City Center",(778) 333-1414,Boutique Gym,Canada,1010,2025-01-04 07:07:27.000,2025-01-04 04:07:27.000,2359,RETROACTIVE,"143,37","132,2","132,2",Corrida Indoor,Boutique Fitness,2025-01-13 00:00:00.000,Sessao realizada,"132,2",0,0
116,UrbanFit,"1414 Cedar Park, City Center",(778) 333-1414,Boutique Gym,Canada,1012,2025-02-10 18:29:24.000,2025-02-10 16:29:24.000,2486,VALIDATION,"61,41","72,23","72,23",Calistenia,Full Service Gym,2025-02-20 00:00:00.000,Sessao realizada,"61,41",1,1
116,UrbanFit,"1414 Cedar Park, City Center",(778) 333-1414,Boutique Gym,Canada,1014,2025-01-31 19:02:37.000,2025-01-31 18:02:37.000,2496,NO_SHOW,"48,04","56,36","56,36",HIIT,Boutique Fitness,2025-01-30 00:00:00.000,Sessao não realizada,"48,04",1,1
116,UrbanFit,"1414 Cedar Park, City Center",(778) 333-1414,Boutique Gym,Canada,1008,2025-01-06 09:40:37.000,2025-01-06 07:40:37.000,2456,LATE_CANCEL,"35,17","16,31","32,62",Zumba,Full Service Gym,2025-02-03 00:00:00.000,Sessao não realizada,"16,31",0,0
116,UrbanFit,"1414 Cedar Park, City Center",(778) 333-1414,Boutique Gym,Canada,1005,2025-01-01 22:47:11.000,2025-01-01 19:47:11.000,2091,NO_SHOW,"140,65","122,18","122,18",Spinning,Specialized Training,2025-01-09 00:00:00.000,Sessao não realizada,"122,18",0,0
116,UrbanFit,"1414 Cedar Park, City Center",(778) 333-1414,Boutique Gym,Canada,1012,2025-02-05 12:29:34.000,2025-02-05 09:29:34.000,2455,VALIDATION,"61,41","72,23","72,23",Calistenia,Full Service Gym,2025-02-20 00:00:00.000,Sessao realizada,"61,41",1,1
116,UrbanFit,"1414 Cedar Park, City Center",(778) 333-1414,Boutique Gym,Canada,1015,2025-01-13 06:36:57.000,2025-01-13 04:36:57.000,2216,RETROACTIVE,"132,28","107,25","107,25",Alongamento,Full Service Gym,2025-02-28 00:00:00.000,Sessao realizada,"107,25",0,0
116,UrbanFit,"1414 Cedar Park, City Center",(778) 333-1414,Boutique Gym,Canada,1002,2025-02-21 16:03:16.000,2025-02-21 13:03:16.000,2148,VALIDATION,"135,6","117,6","117,6",CrossFit,Boutique Fitness,2025-02-02 00:00:00.000,Sessao realizada,"117,6",0,0
116,UrbanFit,"1414 Cedar Park, City Center",(778) 333-1414,Boutique Gym,Canada,1005,2025-01-18 17:01:27.000,2025-01-18 14:01:27.000,2067,VALIDATION,"140,65","122,18","122,18",Spinning,Specialized Training,2025-01-09 00:00:00.000,Sessao realizada,"122,18",0,0
117,Health & Harmony,"1515 Palm Blvd, East End",(212) 444-1515,Yoga & Wellness,United States,1003,2025-01-15 14:04:10.000,2025-01-15 11:04:10.000,2062,VALIDATION,"51,79","41,73","41,73",Yoga,Specialized Training,2025-01-02 00:00:00.000,Sessao realizada,"41,73",0,0
117,Health & Harmony,"1515 Palm Blvd, East End",(212) 444-1515,Yoga & Wellness,United States,1007,2025-02-16 22:17:19.000,2025-02-16 19:17:19.000,2150,RETROACTIVE,"50,61","60,6","60,6",Jiu-Jitsu,Specialized Training,2025-01-10 00:00:00.000,Sessao realizada,"50,61",1,1
117,Health & Harmony,"1515 Palm Blvd, East End",(212) 444-1515,Yoga & Wellness,United States,1014,2025-01-23 15:06:50.000,2025-01-23 13:06:50.000,2410,VALIDATION,"61,82","79,92","79,92",HIIT,Boutique Fitness,2025-02-05 00:00:00.000,Sessao realizada,"61,82",1,1
117,Health & Harmony,"1515 Palm Blvd, East End",(212) 444-1515,Yoga & Wellness,United States,1012,2025-01-09 12:36:08.000,2025-01-09 09:36:08.000,2302,RETROACTIVE,"129,79","136,33","136,33",Calistenia,Full Service Gym,2025-01-31 00:00:00.000,Sessao realizada,"129,79",1,1
117,Health & Harmony,"1515 Palm Blvd, East End",(212) 444-1515,Yoga & Wellness,United States,1015,2025-01-26 20:22:11.000,2025-01-26 19:22:11.000,2252,NO_SHOW,"134,22","152,29","152,29",Alongamento,Full Service Gym,2025-01-21 00:00:00.000,Sessao não realizada,"134,22",1,1
117,Health & Harmony,"1515 Palm Blvd, East End",(212) 444-1515,Yoga & Wellness,United States,1008,2025-02-14 12:56:26.000,2025-02-14 09:56:26.000,2048,RETROACTIVE,"75,65","75,06","75,06",Zumba,Boutique Fitness,2025-02-19 00:00:00.000,Sessao realizada,"75,06",0,0
117,Health & Harmony,"1515 Palm Blvd, East End",(212) 444-1515,Yoga & Wellness,United States,1012,2025-01-18 16:05:35.000,2025-01-18 15:05:35.000,2128,NO_SHOW,"129,79","136,33","136,33",Calistenia,Full Service Gym,2025-01-31 00:00:00.000,Sessao não realizada,"129,79",1,1
117,Health & Harmony,"1515 Palm Blvd, East End",(212) 444-1515,Yoga & Wellness,United States,1007,2025-01-26 15:28:40.000,2025-01-26 14:28:40.000,2028,VALIDATION,"50,61","60,6","60,6",Jiu-Jitsu,Specialized Training,2025-01-10 00:00:00.000,Sessao realizada,"50,61",1,1
117,Health & Harmony,"1515 Palm Blvd, East End",(212) 444-1515,Yoga & Wellness,United States,1001,2025-01-26 19:16:33.000,2025-01-26 18:16:33.000,2064,NO_SHOW,"121,24","105,52","105,52",Musculação,Specialized Training,2025-02-16 00:00:00.000,Sessao não realizada,"105,52",0,0
117,Health & Harmony,"1515 Palm Blvd, East End",(212) 444-1515,Yoga & Wellness,United States,1006,2025-01-19 22:42:04.000,2025-01-19 20:42:04.000,2226,RETROACTIVE,"132,88","100,48","100,48",Boxe,Full Service Gym,2025-01-26 00:00:00.000,Sessao realizada,"100,48",0,0
117,Health & Harmony,"1515 Palm Blvd, East End",(212) 444-1515,Yoga & Wellness,United States,1004,2025-01-16 18:48:15.000,2025-01-16 15:48:15.000,2272,NO_SHOW,"34,14","32,05","32,05",Pilates,Specialized Training,2025-02-22 00:00:00.000,Sessao não realizada,"32,05",0,0
117,Health & Harmony,"1515 Palm Blvd, East End",(212) 444-1515,Yoga & Wellness,United States,1004,2025-01-08 06:02:46.000,2025-01-08 04:02:46.000,2200,RETROACTIVE,"34,14","32,05","32,05",Pilates,Specialized Training,2025-02-22 00:00:00.000,Sessao realizada,"32,05",0,0
117,Health & Harmony,"1515 Palm Blvd, East End",(212) 444-1515,Yoga & Wellness,United States,1006,2025-02-01 06:31:10.000,2025-02-01 05:31:10.000,2247,VALIDATION,"132,88","100,48","100,48",Boxe,Full Service Gym,2025-01-26 00:00:00.000,Sessao realizada,"100,48",0,0
118,SweatLab,"1616 Redwood Ave, Downtown",(403) 999-1616,CrossFit,Canada,1010,2025-02-08 11:54:12.000,2025-02-08 08:54:12.000,2403,VALIDATION,152,"164,77","164,77",Corrida Indoor,Boutique Fitness,2025-01-25 00:00:00.000,Sessao realizada,152,1,1
118,SweatLab,"1616 Redwood Ave, Downtown",(403) 999-1616,CrossFit,Canada,1015,2025-01-28 22:44:17.000,2025-01-28 20:44:17.000,2359,NO_SHOW,"130,47","113,04","113,04",Alongamento,Full Service Gym,2025-02-09 00:00:00.000,Sessao não realizada,"113,04",0,0
118,SweatLab,"1616 Redwood Ave, Downtown",(403) 999-1616,CrossFit,Canada,1011,2025-01-04 09:17:48.000,2025-01-04 06:17:48.000,2470,VALIDATION,"105,51","134,57","134,57",Treinamento Funcional,Specialized Training,2025-02-25 00:00:00.000,Sessao realizada,"105,51",1,1
118,SweatLab,"1616 Redwood Ave, Downtown",(403) 999-1616,CrossFit,Canada,1010,2025-02-21 20:23:42.000,2025-02-21 18:23:42.000,2052,VALIDATION,152,"164,77","164,77",Corrida Indoor,Boutique Fitness,2025-01-25 00:00:00.000,Sessao realizada,152,1,1
118,SweatLab,"1616 Redwood Ave, Downtown",(403) 999-1616,CrossFit,Canada,1014,2025-01-20 11:27:42.000,2025-01-20 08:27:42.000,2104,VALIDATION,"112,26","126,11","126,11",HIIT,Specialized Training,2025-02-12 00:00:00.000,Sessao realizada,"112,26",1,1
118,SweatLab,"1616 Redwood Ave, Downtown",(403) 999-1616,CrossFit,Canada,1015,2025-01-27 06:45:41.000,2025-01-27 04:45:41.000,2182,LATE_CANCEL,"130,47","56,52","113,04",Alongamento,Full Service Gym,2025-02-09 00:00:00.000,Sessao não realizada,"56,52",0,0
118,SweatLab,"1616 Redwood Ave, Downtown",(403) 999-1616,CrossFit,Canada,1004,2025-01-02 11:11:02.000,2025-01-02 10:11:02.000,2048,LATE_CANCEL,"140,37","66,4","132,8",Pilates,Full Service Gym,2025-01-15 00:00:00.000,Sessao não realizada,"66,4",0,0
118,SweatLab,"1616 Redwood Ave, Downtown",(403) 999-1616,CrossFit,Canada,1002,2025-01-12 15:24:32.000,2025-01-12 14:24:32.000,2446,NO_SHOW,"54,96","57,45","57,45",CrossFit,Full Service Gym,2025-01-21 00:00:00.000,Sessao não realizada,"54,96",1,1
118,SweatLab,"1616 Redwood Ave, Downtown",(403) 999-1616,CrossFit,Canada,1002,2025-01-18 08:49:04.000,2025-01-18 07:49:04.000,2371,LATE_CANCEL,"54,96","28,725","57,45",CrossFit,Full Service Gym,2025-01-21 00:00:00.000,Sessao não realizada,"28,725",0,0
118,SweatLab,"1616 Redwood Ave, Downtown",(403) 999-1616,CrossFit,Canada,1014,2025-02-07 12:14:49.000,2025-02-07 10:14:49.000,2064,VALIDATION,"112,26","126,11","126,11",HIIT,Specialized Training,2025-02-12 00:00:00.000,Sessao realizada,"112,26",1,1
118,SweatLab,"1616 Redwood Ave, Downtown",(403) 999-1616,CrossFit,Canada,1015,2025-01-21 22:04:51.000,2025-01-21 20:04:51.000,2028,RETROACTIVE,"130,47","113,04","113,04",Alongamento,Full Service Gym,2025-02-09 00:00:00.000,Sessao realizada,"113,04",0,0
118,SweatLab,"1616 Redwood Ave, Downtown",(403) 999-1616,CrossFit,Canada,1011,2025-01-28 18:51:55.000,2025-01-28 17:51:55.000,2487,LATE_CANCEL,"105,51","67,285","134,57",Treinamento Funcional,Specialized Training,2025-02-25 00:00:00.000,Sessao não realizada,"67,285",0,0
119,MindBody Gym,"1717 Birch Rd, Lakeside",(646) 666-1717,Yoga & Wellness,United States,1010,2025-02-03 06:58:21.000,2025-02-03 04:58:21.000,2126,NO_SHOW,"74,59","80,85","80,85",Corrida Indoor,Specialized Training,2025-01-20 00:00:00.000,Sessao não realizada,"74,59",1,1
119,MindBody Gym,"1717 Birch Rd, Lakeside",(646) 666-1717,Yoga & Wellness,United States,1007,2025-02-26 06:11:24.000,2025-02-26 05:11:24.000,2189,VALIDATION,"89,03","97,92","97,92",Jiu-Jitsu,Full Service Gym,2025-01-27 00:00:00.000,Sessao realizada,"89,03",1,1
119,MindBody Gym,"1717 Birch Rd, Lakeside",(646) 666-1717,Yoga & Wellness,United States,1009,2025-01-31 07:14:55.000,2025-01-31 04:14:55.000,2493,VALIDATION,"125,23","120,96","120,96",Natação,Full Service Gym,2025-02-27 00:00:00.000,Sessao realizada,"120,96",0,0
119,MindBody Gym,"1717 Birch Rd, Lakeside",(646) 666-1717,Yoga & Wellness,United States,1007,2025-02-24 17:07:19.000,2025-02-24 16:07:19.000,2459,RETROACTIVE,"89,03","97,92","97,92",Jiu-Jitsu,Full Service Gym,2025-01-27 00:00:00.000,Sessao realizada,"89,03",1,1
119,MindBody Gym,"1717 Birch Rd, Lakeside",(646) 666-1717,Yoga & Wellness,United States,1005,2025-01-07 11:35:54.000,2025-01-07 08:35:54.000,2283,NO_SHOW,"55,66","61,47","61,47",Spinning,Specialized Training,2025-02-21 00:00:00.000,Sessao não realizada,"55,66",1,1
119,MindBody Gym,"1717 Birch Rd, Lakeside",(646) 666-1717,Yoga & Wellness,United States,1004,2025-02-06 19:40:50.000,2025-02-06 17:40:50.000,2003,LATE_CANCEL,"136,9","74,025","148,05",Pilates,Specialized Training,2025-01-26 00:00:00.000,Sessao não realizada,"74,025",0,0
119,MindBody Gym,"1717 Birch Rd, Lakeside",(646) 666-1717,Yoga & Wellness,United States,1003,2025-01-07 20:20:35.000,2025-01-07 19:20:35.000,2400,RETROACTIVE,"50,8","47,73","47,73",Yoga,Full Service Gym,2025-01-28 00:00:00.000,Sessao realizada,"47,73",0,0
119,MindBody Gym,"1717 Birch Rd, Lakeside",(646) 666-1717,Yoga & Wellness,United States,1015,2025-02-11 16:47:00.000,2025-02-11 15:47:00.000,2291,LATE_CANCEL,"113,76","64,07","128,14",Alongamento,Boutique Fitness,2025-01-20 00:00:00.000,Sessao não realizada,"64,07",0,0
119,MindBody Gym,"1717 Birch Rd, Lakeside",(646) 666-1717,Yoga & Wellness,United States,1008,2025-02-13 16:23:19.000,2025-02-13 14:23:19.000,2266,VALIDATION,"31,78","28,47","28,47",Zumba,Boutique Fitness,2025-02-10 00:00:00.000,Sessao realizada,"28,47",0,0
119,MindBody Gym,"1717 Birch Rd, Lakeside",(646) 666-1717,Yoga & Wellness,United States,1012,2025-01-27 20:47:35.000,2025-01-27 18:47:35.000,2172,VALIDATION,"88,9","68,79","68,79",Calistenia,Boutique Fitness,2025-02-11 00:00:00.000,Sessao realizada,"68,79",0,0
119,MindBody Gym,"1717 Birch Rd, Lakeside",(646) 666-1717,Yoga & Wellness,United States,1004,2025-02-26 11:07:29.000,2025-02-26 08:07:29.000,2261,RETROACTIVE,"136,9","148,05","148,05",Pilates,Specialized Training,2025-01-26 00:00:00.000,Sessao realizada,"136,9",1,1
119,MindBody Gym,"1717 Birch Rd, Lakeside",(646) 666-1717,Yoga & Wellness,United States,1013,2025-02-03 18:38:05.000,2025-02-03 17:38:05.000,2337,LATE_CANCEL,"37,18","23,055","46,11",Dança,Boutique Fitness,2025-02-22 00:00:00.000,Sessao não realizada,"23,055",0,0
119,MindBody Gym,"1717 Birch Rd, Lakeside",(646) 666-1717,Yoga & Wellness,United States,1001,2025-01-04 22:45:34.000,2025-01-04 20:45:34.000,2076,VALIDATION,"66,21","56,2","56,2",Musculação,Specialized Training,2025-01-27 00:00:00.000,Sessao realizada,"56,2",0,0
119,MindBody Gym,"1717 Birch Rd, Lakeside",(646) 666-1717,Yoga & Wellness,United States,1009,2025-02-25 18:20:26.000,2025-02-25 17:20:26.000,2113,VALIDATION,"125,23","120,96","120,96",Natação,Full Service Gym,2025-02-27 00:00:00.000,Sessao realizada,"120,96",0,0
119,MindBody Gym,"1717 Birch Rd, Lakeside",(646) 666-1717,Yoga & Wellness,United States,1014,2025-01-26 06:56:23.000,2025-01-26 03:56:23.000,2348,VALIDATION,"66,61","66,18","66,18",HIIT,Boutique Fitness,2025-01-06 00:00:00.000,Sessao realizada,"66,18",0,0
119,MindBody Gym,"1717 Birch Rd, Lakeside",(646) 666-1717,Yoga & Wellness,United States,1015,2025-01-30 10:33:10.000,2025-01-30 07:33:10.000,2426,NO_SHOW,"113,76","128,14","128,14",Alongamento,Boutique Fitness,2025-01-20 00:00:00.000,Sessao não realizada,"113,76",1,1
119,MindBody Gym,"1717 Birch Rd, Lakeside",(646) 666-1717,Yoga & Wellness,United States,1002,2025-02-08 18:48:33.000,2025-02-08 17:48:33.000,2313,RETROACTIVE,"33,4","39,99","39,99",CrossFit,Boutique Fitness,2025-02-09 00:00:00.000,Sessao realizada,"33,4",1,1
120,Balance Studio,"1818 Maple Lane, Greenfield",(519) 777-1818,Yoga & Wellness,Canada,1001,2025-02-08 13:56:58.000,2025-02-08 12:56:58.000,2009,RETROACTIVE,"127,34","119,1","119,1",Musculação,Specialized Training,2025-01-01 00:00:00.000,Sessao realizada,"119,1",0,0
120,Balance Studio,"1818 Maple Lane, Greenfield",(519) 777-1818,Yoga & Wellness,Canada,1004,2025-01-11 14:00:49.000,2025-01-11 12:00:49.000,2133,VALIDATION,"36,44","47,16","47,16",Pilates,Boutique Fitness,2025-01-26 00:00:00.000,Sessao realizada,"36,44",1,1
120,Balance Studio,"1818 Maple Lane, Greenfield",(519) 777-1818,Yoga & Wellness,Canada,1015,2025-01-31 16:09:43.000,2025-01-31 14:09:43.000,2028,LATE_CANCEL,"111,73","52,56","105,12",Alongamento,Boutique Fitness,2025-02-02 00:00:00.000,Sessao não realizada,"52,56",0,0
120,Balance Studio,"1818 Maple Lane, Greenfield",(519) 777-1818,Yoga & Wellness,Canada,1015,2025-01-08 06:03:23.000,2025-01-08 03:03:23.000,2058,RETROACTIVE,"111,73","105,12","105,12",Alongamento,Boutique Fitness,2025-02-02 00:00:00.000,Sessao realizada,"105,12",0,0
120,Balance Studio,"1818 Maple Lane, Greenfield",(519) 777-1818,Yoga & Wellness,Canada,1010,2025-01-23 08:16:51.000,2025-01-23 05:16:51.000,2179,RETROACTIVE,"56,18","78,34","78,34",Corrida Indoor,Full Service Gym,2025-01-09 00:00:00.000,Sessao realizada,"56,18",1,1
120,Balance Studio,"1818 Maple Lane, Greenfield",(519) 777-1818,Yoga & Wellness,Canada,1011,2025-01-20 19:15:58.000,2025-01-20 16:15:58.000,2153,LATE_CANCEL,"43,23","21,625","43,25",Treinamento Funcional,Full Service Gym,2025-02-12 00:00:00.000,Sessao não realizada,"21,625",0,0
120,Balance Studio,"1818 Maple Lane, Greenfield",(519) 777-1818,Yoga & Wellness,Canada,1003,2025-02-24 16:50:29.000,2025-02-24 13:50:29.000,2353,NO_SHOW,"69,31","63,84","63,84",Yoga,Specialized Training,2025-02-21 00:00:00.000,Sessao não realizada,"63,84",0,0
120,Balance Studio,"1818 Maple Lane, Greenfield",(519) 777-1818,Yoga & Wellness,Canada,1010,2025-02-22 14:51:01.000,2025-02-22 13:51:01.000,2196,RETROACTIVE,"56,18","78,34","78,34",Corrida Indoor,Full Service Gym,2025-01-09 00:00:00.000,Sessao realizada,"56,18",1,1
120,Balance Studio,"1818 Maple Lane, Greenfield",(519) 777-1818,Yoga & Wellness,Canada,1002,2025-02-06 13:59:48.000,2025-02-06 10:59:48.000,2149,NO_SHOW,"92,47","93,06","93,06",CrossFit,Full Service Gym,2025-01-31 00:00:00.000,Sessao não realizada,"92,47",1,1
120,Balance Studio,"1818 Maple Lane, Greenfield",(519) 777-1818,Yoga & Wellness,Canada,1011,2025-01-07 16:24:29.000,2025-01-07 14:24:29.000,2090,LATE_CANCEL,"43,23","21,625","43,25",Treinamento Funcional,Full Service Gym,2025-02-12 00:00:00.000,Sessao não realizada,"21,625",0,0
120,Balance Studio,"1818 Maple Lane, Greenfield",(519) 777-1818,Yoga & Wellness,Canada,1014,2025-02-08 10:27:58.000,2025-02-08 07:27:58.000,2096,RETROACTIVE,"42,91","31,43","31,43",HIIT,Specialized Training,2025-01-20 00:00:00.000,Sessao realizada,"31,43",0,0
120,Balance Studio,"1818 Maple Lane, Greenfield",(519) 777-1818,Yoga & Wellness,Canada,1006,2025-02-17 12:41:40.000,2025-02-17 11:41:40.000,2098,NO_SHOW,"55,24","44,1","44,1",Boxe,Boutique Fitness,2025-01-23 00:00:00.000,Sessao não realizada,"44,1",0,0
120,Balance Studio,"1818 Maple Lane, Greenfield",(519) 777-1818,Yoga & Wellness,Canada,1001,2025-01-16 17:20:43.000,2025-01-16 14:20:43.000,2321,RETROACTIVE,"127,34","119,1","119,1",Musculação,Specialized Training,2025-01-01 00:00:00.000,Sessao realizada,"119,1",0,0
120,Balance Studio,"1818 Maple Lane, Greenfield",(519) 777-1818,Yoga & Wellness,Canada,1014,2025-01-08 07:47:37.000,2025-01-08 06:47:37.000,2306,RETROACTIVE,"42,91","31,43","31,43",HIIT,Specialized Training,2025-01-20 00:00:00.000,Sessao realizada,"31,43",0,0
120,Balance Studio,"1818 Maple Lane, Greenfield",(519) 777-1818,Yoga & Wellness,Canada,1007,2025-01-04 08:08:58.000,2025-01-04 07:08:58.000,2019,VALIDATION,"73,52","83,06","83,06",Jiu-Jitsu,Specialized Training,2025-01-23 00:00:00.000,Sessao realizada,"73,52",1,1
120,Balance Studio,"1818 Maple Lane, Greenfield",(519) 777-1818,Yoga & Wellness,Canada,1015,2025-01-31 12:16:14.000,2025-01-31 11:16:14.000,2028,VALIDATION,"111,73","105,12","105,12",Alongamento,Boutique Fitness,2025-02-02 00:00:00.000,Sessao realizada,"105,12",0,0
120,Balance Studio,"1818 Maple Lane, Greenfield",(519) 777-1818,Yoga & Wellness,Canada,1013,2025-01-21 16:03:23.000,2025-01-21 15:03:23.000,2028,NO_SHOW,"111,95","105,72","105,72",Dança,Boutique Fitness,2025-02-17 00:00:00.000,Sessao não realizada,"105,72",0,0
120,Balance Studio,"1818 Maple Lane, Greenfield",(519) 777-1818,Yoga & Wellness,Canada,1005,2025-02-26 11:06:58.000,2025-02-26 08:06:58.000,2056,NO_SHOW,"132,7","121,03","121,03",Spinning,Boutique Fitness,2025-02-04 00:00:00.000,Sessao não realizada,"121,03",0,0
120,Balance Studio,"1818 Maple Lane, Greenfield",(519) 777-1818,Yoga & Wellness,Canada,1012,2025-02-12 08:41:27.000,2025-02-12 07:41:27.000,2140,RETROACTIVE,"119,58","112,34","112,34",Calistenia,Specialized Training,2025-02-21 00:00:00.000,Sessao realizada,"112,34",0,0